52019,42019,32019,22019,12019,122018,112018,102018,92018,82018,72018,62018,52018,42018,32018,22018,12018,122017,112017,102017,92017,82017,72017,62017,52017,42017,32017,22017,12017,122016,112016,102016,92016,82016,72016,62016,52016,42016,32016,22016,12016,122015,112015,102015,92015,82015,72015,62015,52015,42015,32015,22015,12015,122014,112014,102014,92014,82014,72014,62014,52014,42014,32014,22014,12014,122013,112013,102013,92013,82013,72013,62013,52013,42013,32013,22013,12013,122012,112012,102012,92012,82012,72012,62012,52012,42012,32012,22012,12012,122011,112011,102011,92011,82011,72011,62011,52011,42011,32011,22011,12011,122010,112010,102010,92010,82010,72010,62010,52010,42010,32010,22010,12010,122009,112009,102009,92009,82009,72009,62009,52009,42009,32009,22009,12009,122008,112008,102008,92008,82008,72008,62008,52008,42008,32008,22008,12008,122007,112007,102007,92007,82007,72007,62007,52007,42007,32007,22007,12007,122006,112006,102006,92006,82006,72006,62006,52006,42006,32006,22006,12006,122005,112005,102005,92005,82005,72005,62005,52005,42005,32005,22005,12005
ADSEZ IS,ADSEZ IS,ADSEZ IS,ADSEZ IS,ADSEZ IS,ADSEZ IS,ADSEZ IS,ADSEZ IS,ADSEZ IS,ADSEZ IS,ADSEZ IS,ADSEZ IS,ADSEZ IS,ADSEZ IS,ACEM IS,ACEM IS,ACEM IS,ACEM IS,ACEM IS,ACEM IS,ACEM IS,ACC IS,ACC IS,ACC IS,ACC IS,ACC IS,ACC IS,ACC IS,ACC IS,ACC IS,ACC IS,ACC IS,ACC IS,ACC IS,ACC IS,ACC IS,ACC IS,ACC IS,ACC IS,ACC IS,ACC IS,ACC IS,ACC IS,ACC IS,ACC IS,ACC IS,ACC IS,ACC IS,ACC IS,ACC IS,ACC IS,ACC IS,ACC IS,ACC IS,ACC IS,ACC IS,ACC IS,ACC IS,ACC IS,ACC IS,ACC IS,ACC IS,ACC IS,ACC IS,ACC IS,ACC IS,ACC IS,ACC IS,ACC IS,ACC IS,ACC IS,ACC IS,ACC IS,ACC IS,ACC IS,ACC IS,ACC IS,ACC IS,ACC IS,ACC IS,ACC IS,ACC IS,ACC IS,ACC IS,ACC IS,ACC IS,ACC IS,ACC IS,ACC IS,ACC IS,ACC IS,ACC IS,ACC IS,ACC IS,ACC IS,ACC IS,ACC IS,ACC IS,ACC IS,ACC IS,ACC IS,ACC IS,ACC IS,ACC IS,ABB IS,ABB IS,ABB IS,ABB IS,ABB IS,ABB IS,ABB IS,ABB IS,ABB IS,ABB IS,ABB IS,ABB IS,ABB IS,ABB IS,ABB IS,ABB IS,ABB IS,ABB IS,ABB IS,ABB IS,ABB IS,ABB IS,ABB IS,ABB IS,ABB IS,ABB IS,ABB IS,ABB IS,ABB IS,ABB IS,ABB IS,ABB IS,ABB IS,ABB IS,ABB IS,ABB IS,ABB IS,ABB IS,ABB IS,ABB IS,ABB IS,ABB IS,ABB IS,ABB IS,ABB IS,ABB IS,ABB IS,ABB IS,ABB IS,ABB IS,ABB IS,ABB IS,ABB IS,ABB IS,ABB IS,ABB IS,ABB IS,ABB IS,ABB IS,ABB IS,ABB IS,ABB IS,ABB IS,ABB IS,ABB IS,ABB IS,ABB IS,ABB IS,ABB IS
APNT IS,APNT IS,APNT IS,APNT IS,APNT IS,APNT IS,APNT IS,APNT IS,APNT IS,APNT IS,APNT IS,APNT IS,APNT IS,APNT IS,ADSEZ IS,ADSEZ IS,ADSEZ IS,ADSEZ IS,ADSEZ IS,ADSEZ IS,ADSEZ IS,ACEM IS,ACEM IS,ACEM IS,ACEM IS,ACEM IS,ACEM IS,ACEM IS,ACEM IS,ACEM IS,ACEM IS,ACEM IS,ACEM IS,ACEM IS,ACEM IS,ACEM IS,ACEM IS,ACEM IS,ACEM IS,ACEM IS,ACEM IS,ACEM IS,ACEM IS,ACEM IS,ACEM IS,ACEM IS,ACEM IS,ACEM IS,ACEM IS,ACEM IS,ACEM IS,ACEM IS,ACEM IS,ACEM IS,ACEM IS,ACEM IS,ACEM IS,ACEM IS,ACEM IS,ACEM IS,ACEM IS,ACEM IS,ACEM IS,ACEM IS,ACEM IS,ACEM IS,ACEM IS,ACEM IS,ACEM IS,ACEM IS,ACEM IS,ACEM IS,ACEM IS,ACEM IS,ACEM IS,ACEM IS,ACEM IS,ACEM IS,ACEM IS,ACEM IS,ACEM IS,ACEM IS,ACEM IS,ACEM IS,ACEM IS,ACEM IS,ACEM IS,ACEM IS,ACEM IS,ACEM IS,ACEM IS,ACEM IS,ACEM IS,ACEM IS,ACEM IS,ACEM IS,ACEM IS,ACEM IS,ACEM IS,ACEM IS,ACEM IS,ACEM IS,ACEM IS,ACEM IS,ACC IS,ACC IS,ACC IS,ACC IS,ACC IS,ACC IS,ACC IS,ACC IS,ACC IS,ACC IS,ACC IS,ACC IS,ACC IS,ACC IS,ACC IS,ACC IS,ACC IS,ACC IS,ACC IS,ACC IS,ACC IS,ACC IS,ACC IS,ACC IS,ACC IS,ACC IS,ACC IS,ACC IS,ACC IS,ACC IS,ACC IS,ACC IS,ACC IS,ACC IS,ACC IS,ACC IS,ACC IS,ACC IS,ACC IS,ACC IS,ACC IS,ACC IS,ACC IS,ACC IS,ACC IS,ACC IS,ACC IS,ACC IS,ACC IS,ACC IS,ACC IS,ACC IS,ACC IS,ACC IS,ACC IS,ACC IS,ACC IS,ACC IS,ACC IS,ACC IS,ACC IS,ACC IS,ACC IS,ACC IS,ACC IS,ACC IS,ACC IS,ACC IS,ACC IS
AXSB IS,AXSB IS,AXSB IS,AXSB IS,AXSB IS,AXSB IS,AXSB IS,AXSB IS,AXSB IS,AXSB IS,AXSB IS,AXSB IS,AXSB IS,AXSB IS,APNT IS,APNT IS,APNT IS,APNT IS,APNT IS,APNT IS,APNT IS,ADSEZ IS,ADSEZ IS,ADSEZ IS,ADSEZ IS,ADSEZ IS,ADSEZ IS,ADSEZ IS,ADSEZ IS,ADSEZ IS,ADSEZ IS,ADSEZ IS,ADSEZ IS,ADSEZ IS,ADSEZ IS,ADSEZ IS,ADSEZ IS,ADSEZ IS,ADSEZ IS,ADSEZ IS,ADSEZ IS,ADSEZ IS,ADSEZ IS,ADSEZ IS,ADSEZ IS,APNT IS,APNT IS,APNT IS,APNT IS,APNT IS,APNT IS,APNT IS,APNT IS,APNT IS,APNT IS,APNT IS,APNT IS,APNT IS,APNT IS,APNT IS,APNT IS,APNT IS,APNT IS,APNT IS,APNT IS,APNT IS,APNT IS,APNT IS,APNT IS,APNT IS,APNT IS,APNT IS,APNT IS,APNT IS,APNT IS,APNT IS,APNT IS,APNT IS,APNT IS,APNT IS,APNT IS,APNT IS,APNT IS,APNT IS,APNT IS,APNT IS,AXSB IS,AXSB IS,AXSB IS,AXSB IS,AXSB IS,AXSB IS,AXSB IS,AXSB IS,AXSB IS,AXSB IS,AXSB IS,AXSB IS,AXSB IS,AXSB IS,AXSB IS,AXSB IS,AXSB IS,AXSB IS,ACEM IS,ACEM IS,ACEM IS,ACEM IS,ACEM IS,ACEM IS,ACEM IS,ACEM IS,ACEM IS,ACEM IS,ACEM IS,ACEM IS,ACEM IS,ACEM IS,ACEM IS,ACEM IS,ACEM IS,ACEM IS,ACEM IS,ACEM IS,ACEM IS,ACEM IS,ACEM IS,ACEM IS,ACEM IS,ACEM IS,ACEM IS,ACEM IS,ACEM IS,ACEM IS,ACEM IS,ACEM IS,ACEM IS,ACEM IS,ACEM IS,ACEM IS,ACEM IS,ACEM IS,ACEM IS,ACEM IS,ACEM IS,ACEM IS,ACEM IS,ACEM IS,ACEM IS,ACEM IS,ACEM IS,ACEM IS,ACEM IS,ACEM IS,ACEM IS,ACEM IS,ACEM IS,ACEM IS,ACEM IS,ACEM IS,ACEM IS,ACEM IS,ACEM IS,ACEM IS,ACEM IS,ACEM IS,ACEM IS,ACEM IS,ACEM IS,ACEM IS,ACEM IS,ACEM IS,ACEM IS
BAF IS,BAF IS,BAF IS,BAF IS,BAF IS,BAF IS,BAF IS,BAF IS,BAF IS,BAF IS,BAF IS,BAF IS,BAF IS,BAF IS,ARBP IS,ARBP IS,ARBP IS,ARBP IS,ARBP IS,ARBP IS,ARBP IS,APNT IS,APNT IS,APNT IS,APNT IS,APNT IS,APNT IS,APNT IS,APNT IS,APNT IS,APNT IS,APNT IS,APNT IS,APNT IS,APNT IS,APNT IS,APNT IS,APNT IS,APNT IS,APNT IS,APNT IS,APNT IS,APNT IS,APNT IS,APNT IS,AXSB IS,AXSB IS,AXSB IS,AXSB IS,AXSB IS,AXSB IS,AXSB IS,AXSB IS,AXSB IS,AXSB IS,AXSB IS,AXSB IS,AXSB IS,AXSB IS,AXSB IS,AXSB IS,AXSB IS,AXSB IS,AXSB IS,AXSB IS,AXSB IS,AXSB IS,AXSB IS,AXSB IS,AXSB IS,AXSB IS,AXSB IS,AXSB IS,AXSB IS,AXSB IS,AXSB IS,AXSB IS,AXSB IS,AXSB IS,AXSB IS,AXSB IS,AXSB IS,AXSB IS,AXSB IS,AXSB IS,AXSB IS,BHARTI IS,BHARTI IS,BHARTI IS,BHARTI IS,BHARTI IS,BHARTI IS,BHARTI IS,BHARTI IS,BHARTI IS,BHARTI IS,BHARTI IS,BHARTI IS,BHARTI IS,BHARTI IS,BHARTI IS,BHARTI IS,BHARTI IS,BHARTI IS,AXSB IS,AXSB IS,AXSB IS,AXSB IS,AXSB IS,AXSB IS,AXSB IS,AXSB IS,AXSB IS,AXSB IS,AXSB IS,AXSB IS,AXSB IS,AXSB IS,AXSB IS,AXSB IS,AXSB IS,AXSB IS,AXSB IS,BHARTI IS,BHARTI IS,BHARTI IS,BHARTI IS,BHARTI IS,BHARTI IS,BHARTI IS,BHARTI IS,BHARTI IS,BHARTI IS,BHARTI IS,BHARTI IS,BHARTI IS,BHARTI IS,BHARTI IS,BHARTI IS,BHARTI IS,BHARTI IS,BHARTI IS,BHARTI IS,BHARTI IS,BHARTI IS,BHARTI IS,BHARTI IS,BHARTI IS,BHARTI IS,BHARTI IS,BHARTI IS,BHARTI IS,BHARTI IS,BHARTI IS,BHARTI IS,BHARTI IS,BHARTI IS,BHARTI IS,BHARTI IS,BHARTI IS,BHARTI IS,BHARTI IS,BHARTI IS,BHARTI IS,BHARTI IS,BHARTI IS,BHARTI IS,BHARTI IS,BHARTI IS,BHARTI IS,BHARTI IS,BHARTI IS,BHARTI IS
BHARTI IS,BHARTI IS,BHARTI IS,BHARTI IS,BHARTI IS,BHARTI IS,BHARTI IS,BHARTI IS,BHARTI IS,BHARTI IS,BHARTI IS,BHARTI IS,BHARTI IS,BHARTI IS,AXSB IS,AXSB IS,AXSB IS,AXSB IS,AXSB IS,AXSB IS,AXSB IS,ARBP IS,ARBP IS,ARBP IS,ARBP IS,ARBP IS,ARBP IS,ARBP IS,ARBP IS,ARBP IS,ARBP IS,ARBP IS,ARBP IS,ARBP IS,ARBP IS,ARBP IS,ARBP IS,ARBP IS,AXSB IS,AXSB IS,AXSB IS,AXSB IS,AXSB IS,AXSB IS,AXSB IS,BHARTI IS,BHARTI IS,BHARTI IS,BHARTI IS,BHARTI IS,BHARTI IS,BHARTI IS,BHARTI IS,BHARTI IS,BHARTI IS,BHARTI IS,BHARTI IS,BHARTI IS,BHARTI IS,BHARTI IS,BHARTI IS,BHARTI IS,BHARTI IS,BHARTI IS,BHARTI IS,BHARTI IS,BHARTI IS,BHARTI IS,BHARTI IS,BHARTI IS,BHARTI IS,BHARTI IS,BHARTI IS,BHARTI IS,BHARTI IS,BHARTI IS,BHARTI IS,BHARTI IS,BHARTI IS,BHARTI IS,BHARTI IS,BHARTI IS,BHARTI IS,BHARTI IS,BHARTI IS,BHARTI IS,BHEL IS,BHEL IS,BHEL IS,BHEL IS,BHEL IS,BHEL IS,BHEL IS,BHEL IS,BHEL IS,BHEL IS,BHEL IS,BHEL IS,BHEL IS,BHEL IS,BHEL IS,BHEL IS,BHEL IS,BHEL IS,BHARTI IS,BHARTI IS,BHARTI IS,BHARTI IS,BHARTI IS,BHARTI IS,BHARTI IS,BHARTI IS,BHARTI IS,BHARTI IS,BHARTI IS,BHARTI IS,BHARTI IS,BHARTI IS,BHARTI IS,BHARTI IS,BHARTI IS,BHARTI IS,BHARTI IS,BHEL IS,BHEL IS,BHEL IS,BHEL IS,BHEL IS,BHEL IS,BHEL IS,BHEL IS,BHEL IS,BHEL IS,BHEL IS,BHEL IS,BHEL IS,BHEL IS,BHEL IS,BHEL IS,BHEL IS,BHEL IS,BHEL IS,BHEL IS,BHEL IS,BHEL IS,BHEL IS,BHEL IS,BHEL IS,BHEL IS,BHEL IS,BHEL IS,BHEL IS,BHEL IS,BHEL IS,BHEL IS,BHEL IS,BHEL IS,BHEL IS,BHEL IS,BHEL IS,BHEL IS,BHEL IS,BHEL IS,BHEL IS,BHEL IS,BHEL IS,BHEL IS,BHEL IS,BHEL IS,BHEL IS,BHEL IS,BHEL IS,BHEL IS
BHIN IS,BHIN IS,BHIN IS,BHIN IS,BHIN IS,BHIN IS,BHIN IS,BHIN IS,BHIN IS,BHIN IS,BHIN IS,BHIN IS,BHIN IS,BHIN IS,BAF IS,BAF IS,BAF IS,BAF IS,BAF IS,BAF IS,BAF IS,AXSB IS,AXSB IS,AXSB IS,AXSB IS,AXSB IS,AXSB IS,AXSB IS,AXSB IS,AXSB IS,AXSB IS,AXSB IS,AXSB IS,AXSB IS,AXSB IS,AXSB IS,AXSB IS,AXSB IS,BHARTI IS,BHARTI IS,BHARTI IS,BHARTI IS,BHARTI IS,BHARTI IS,BHARTI IS,BHEL IS,BHEL IS,BHEL IS,BHEL IS,BHEL IS,BHEL IS,BHEL IS,BHEL IS,BHEL IS,BHEL IS,BHEL IS,BHEL IS,BHEL IS,BHEL IS,BHEL IS,BHEL IS,BHEL IS,BHEL IS,BHEL IS,BHEL IS,BHEL IS,BHEL IS,BHEL IS,BHEL IS,BHEL IS,BHEL IS,BHEL IS,BHEL IS,BHEL IS,BHEL IS,BHEL IS,BHEL IS,BHEL IS,BHEL IS,BHEL IS,BHEL IS,BHEL IS,BHEL IS,BHEL IS,BHEL IS,BHEL IS,BJAUT IS,BJAUT IS,BJAUT IS,BJAUT IS,BJAUT IS,BJAUT IS,BJAUT IS,BJAUT IS,BJAUT IS,BJAUT IS,BJAUT IS,BJAUT IS,BJAUT IS,BJAUT IS,BJAUT IS,BJAUT IS,BJAUT IS,BJAUT IS,BHEL IS,BHEL IS,BHEL IS,BHEL IS,BHEL IS,BHEL IS,BHEL IS,BHEL IS,BHEL IS,BHEL IS,BHEL IS,BHEL IS,BHEL IS,BHEL IS,BHEL IS,BHEL IS,BHEL IS,BHEL IS,BHEL IS,BPCL IS,BPCL IS,BPCL IS,BPCL IS,BPCL IS,BPCL IS,BPCL IS,BPCL IS,BPCL IS,BPCL IS,BPCL IS,BPCL IS,BJHI IS,BJHI IS,BJHI IS,BJHI IS,BJHI IS,BJHI IS,BJHI IS,BJHI IS,BJHI IS,BJHI IS,BJHI IS,BJHI IS,BJHI IS,BJHI IS,BJHI IS,BJHI IS,BJHI IS,BJHI IS,BJHI IS,BJHI IS,BJHI IS,BJHI IS,BJHI IS,BJHI IS,BJHI IS,BJHI IS,BJHI IS,BJHI IS,BJHI IS,BJHI IS,BJHI IS,BJHI IS,BJHI IS,BJHI IS,BJHI IS,BJHI IS,BJHI IS,BJHI IS
BJAUT IS,BJAUT IS,BJAUT IS,BJAUT IS,BJAUT IS,BJAUT IS,BJAUT IS,BJAUT IS,BJAUT IS,BJAUT IS,BJAUT IS,BJAUT IS,BJAUT IS,BJAUT IS,BHARTI IS,BHARTI IS,BHARTI IS,BHARTI IS,BHARTI IS,BHARTI IS,BHARTI IS,BHARTI IS,BHARTI IS,BHARTI IS,BHARTI IS,BHARTI IS,BHARTI IS,BHARTI IS,BHARTI IS,BHARTI IS,BHARTI IS,BHARTI IS,BHARTI IS,BHARTI IS,BHARTI IS,BHARTI IS,BHARTI IS,BHARTI IS,BHEL IS,BHEL IS,BHEL IS,BHEL IS,BHEL IS,BHEL IS,BHEL IS,BJAUT IS,BJAUT IS,BJAUT IS,BJAUT IS,BJAUT IS,BJAUT IS,BJAUT IS,BJAUT IS,BJAUT IS,BJAUT IS,BJAUT IS,BJAUT IS,BJAUT IS,BJAUT IS,BJAUT IS,BJAUT IS,BJAUT IS,BJAUT IS,BJAUT IS,BJAUT IS,BJAUT IS,BJAUT IS,BJAUT IS,BJAUT IS,BJAUT IS,BJAUT IS,BJAUT IS,BJAUT IS,BJAUT IS,BJAUT IS,BJAUT IS,BJAUT IS,BJAUT IS,BJAUT IS,BJAUT IS,BJAUT IS,BJAUT IS,BJAUT IS,BJAUT IS,BJAUT IS,BJAUT IS,BPCL IS,BPCL IS,BPCL IS,BPCL IS,BPCL IS,BPCL IS,BPCL IS,BPCL IS,BPCL IS,BPCL IS,BPCL IS,BPCL IS,BPCL IS,BPCL IS,BPCL IS,BPCL IS,BPCL IS,BPCL IS,BPCL IS,BPCL IS,BPCL IS,BPCL IS,BPCL IS,BPCL IS,BPCL IS,BPCL IS,BPCL IS,BPCL IS,BPCL IS,BPCL IS,BPCL IS,BPCL IS,BPCL IS,BPCL IS,BPCL IS,BPCL IS,BPCL IS,CAIR IS,CAIR IS,CAIR IS,CAIR IS,CAIR IS,CAIR IS,CAIR IS,CAIR IS,CAIR IS,CAIR IS,CAIR IS,CAIR IS,BPCL IS,BPCL IS,BPCL IS,BPCL IS,BPCL IS,BPCL IS,BPCL IS,BPCL IS,BPCL IS,BPCL IS,BPCL IS,BPCL IS,BPCL IS,BPCL IS,BPCL IS,BPCL IS,BPCL IS,BPCL IS,BPCL IS,BPCL IS,BPCL IS,BPCL IS,BPCL IS,BPCL IS,BPCL IS,BPCL IS,BPCL IS,BPCL IS,BPCL IS,BPCL IS,BPCL IS,BPCL IS,BPCL IS,BPCL IS,BPCL IS,BPCL IS,BPCL IS,BPCL IS
BJFIN IS,BJFIN IS,BJFIN IS,BJFIN IS,BJFIN IS,BJFIN IS,BJFIN IS,BJFIN IS,BJFIN IS,BJFIN IS,BJFIN IS,BJFIN IS,BJFIN IS,BJFIN IS,BHIN IS,BHIN IS,BHIN IS,BHIN IS,BHIN IS,BHIN IS,BHIN IS,BHIN IS,BHIN IS,BHIN IS,BHIN IS,BHIN IS,BHEL IS,BHEL IS,BHEL IS,BHEL IS,BHEL IS,BHEL IS,BHEL IS,BHEL IS,BHEL IS,BHEL IS,BHEL IS,BHEL IS,BJAUT IS,BJAUT IS,BJAUT IS,BJAUT IS,BJAUT IS,BJAUT IS,BJAUT IS,BOB IS,BOB IS,BOB IS,BOB IS,BOB IS,BOB IS,BOB IS,BOB IS,BOB IS,BOB IS,BOB IS,BOB IS,BOB IS,BOB IS,BOB IS,BOB IS,BOB IS,BOB IS,BOB IS,BOB IS,BOB IS,BOB IS,BOB IS,BOB IS,BOB IS,BOB IS,BOB IS,BOB IS,BOB IS,BOB IS,BOB IS,BOB IS,BOB IS,BOB IS,BOB IS,BOB IS,BOB IS,BOB IS,BOB IS,BOB IS,BOB IS,CAIR IS,CAIR IS,CAIR IS,CAIR IS,CAIR IS,CAIR IS,CAIR IS,CAIR IS,CAIR IS,CAIR IS,CAIR IS,CAIR IS,CAIR IS,CAIR IS,CAIR IS,CAIR IS,CAIR IS,CAIR IS,CAIR IS,CAIR IS,CAIR IS,CAIR IS,CAIR IS,CAIR IS,CAIR IS,CAIR IS,CAIR IS,CAIR IS,CAIR IS,CAIR IS,CAIR IS,CAIR IS,CAIR IS,CAIR IS,CAIR IS,CAIR IS,CAIR IS,CIPLA IS,CIPLA IS,CIPLA IS,CIPLA IS,CIPLA IS,CIPLA IS,CIPLA IS,CIPLA IS,CIPLA IS,CIPLA IS,CIPLA IS,CIPLA IS,CAIR IS,CAIR IS,CAIR IS,CIPLA IS,CIPLA IS,CIPLA IS,CIPLA IS,CIPLA IS,CIPLA IS,CIPLA IS,CIPLA IS,CIPLA IS,CIPLA IS,CIPLA IS,CIPLA IS,CIPLA IS,CIPLA IS,CIPLA IS,CIPLA IS,CIPLA IS,CIPLA IS,CIPLA IS,CIPLA IS,CIPLA IS,CIPLA IS,CIPLA IS,CIPLA IS,CIPLA IS,CIPLA IS,CIPLA IS,CIPLA IS,CIPLA IS,CIPLA IS,CIPLA IS,CIPLA IS,CIPLA IS,CIPLA IS,CIPLA IS
BPCL IS,BPCL IS,BPCL IS,BPCL IS,BPCL IS,BPCL IS,BPCL IS,BPCL IS,BPCL IS,BPCL IS,BPCL IS,BPCL IS,BPCL IS,BPCL IS,BJAUT IS,BJAUT IS,BJAUT IS,BJAUT IS,BJAUT IS,BJAUT IS,BJAUT IS,BJAUT IS,BJAUT IS,BJAUT IS,BJAUT IS,BJAUT IS,BHIN IS,BHIN IS,BHIN IS,BHIN IS,BHIN IS,BHIN IS,BHIN IS,BHIN IS,BHIN IS,BHIN IS,BHIN IS,BHIN IS,BOB IS,BOB IS,BOB IS,BOB IS,BOB IS,BOB IS,BOB IS,BOS IS,BOS IS,BOS IS,BOS IS,BPCL IS,BPCL IS,BPCL IS,BPCL IS,BPCL IS,BPCL IS,BPCL IS,BPCL IS,BPCL IS,BPCL IS,BPCL IS,BPCL IS,BPCL IS,BPCL IS,BPCL IS,BPCL IS,BPCL IS,BPCL IS,BPCL IS,BPCL IS,BPCL IS,BPCL IS,BPCL IS,BPCL IS,BPCL IS,BPCL IS,BPCL IS,BPCL IS,BPCL IS,BPCL IS,BPCL IS,BPCL IS,BPCL IS,BPCL IS,BPCL IS,BPCL IS,BPCL IS,CIPLA IS,CIPLA IS,CIPLA IS,CIPLA IS,CIPLA IS,CIPLA IS,CIPLA IS,CIPLA IS,CIPLA IS,CIPLA IS,CIPLA IS,CIPLA IS,CIPLA IS,CIPLA IS,CIPLA IS,CIPLA IS,CIPLA IS,CIPLA IS,CIPLA IS,CIPLA IS,CIPLA IS,CIPLA IS,CIPLA IS,CIPLA IS,CIPLA IS,CIPLA IS,CIPLA IS,CIPLA IS,CIPLA IS,CIPLA IS,CIPLA IS,CIPLA IS,CIPLA IS,CIPLA IS,CIPLA IS,CIPLA IS,CIPLA IS,DLFU IS,DLFU IS,DLFU IS,DLFU IS,DLFU IS,DLFU IS,DLFU IS,DLFU IS,DLFU IS,DLFU IS,DLFU IS,DLFU IS,CIPLA IS,CIPLA IS,CIPLA IS,DRRD IS,DRRD IS,DRRD IS,DABUR IS,DABUR IS,DABUR IS,DABUR IS,DABUR IS,DABUR IS,DABUR IS,DABUR IS,DABUR IS,DABUR IS,DABUR IS,DABUR IS,DABUR IS,DABUR IS,DABUR IS,DABUR IS,DABUR IS,DABUR IS,DABUR IS,DABUR IS,DABUR IS,DABUR IS,DABUR IS,DABUR IS,CLGT IS,CLGT IS,CLGT IS,CLGT IS,CLGT IS,CLGT IS,CLGT IS,CLGT IS
BRIT IS,BRIT IS,BRIT IS,CIPLA IS,CIPLA IS,CIPLA IS,CIPLA IS,CIPLA IS,CIPLA IS,CIPLA IS,CIPLA IS,CIPLA IS,CIPLA IS,CIPLA IS,BOS IS,BOS IS,BOS IS,BOS IS,BOS IS,BOS IS,BOS IS,BOB IS,BOB IS,BOB IS,BOB IS,BOB IS,BJAUT IS,BJAUT IS,BJAUT IS,BJAUT IS,BJAUT IS,BJAUT IS,BJAUT IS,BJAUT IS,BJAUT IS,BJAUT IS,BJAUT IS,BJAUT IS,BOS IS,BOS IS,BOS IS,BOS IS,BOS IS,BOS IS,BOS IS,BPCL IS,BPCL IS,BPCL IS,BPCL IS,CAIR IS,CAIR IS,CAIR IS,CAIR IS,CAIR IS,CAIR IS,CAIR IS,CAIR IS,CAIR IS,CAIR IS,CAIR IS,CAIR IS,CAIR IS,CAIR IS,CAIR IS,CAIR IS,CAIR IS,CAIR IS,CAIR IS,CAIR IS,CAIR IS,CAIR IS,CAIR IS,CAIR IS,CAIR IS,CAIR IS,CAIR IS,CAIR IS,CAIR IS,CAIR IS,CAIR IS,CAIR IS,CAIR IS,CAIR IS,CAIR IS,CAIR IS,CAIR IS,COAL IS,COAL IS,COAL IS,COAL IS,COAL IS,COAL IS,DLFU IS,DLFU IS,DLFU IS,DLFU IS,DLFU IS,DLFU IS,DLFU IS,DLFU IS,DLFU IS,DLFU IS,DLFU IS,DLFU IS,DLFU IS,DLFU IS,DLFU IS,DLFU IS,DLFU IS,DLFU IS,DLFU IS,DLFU IS,DLFU IS,DLFU IS,DLFU IS,DLFU IS,DLFU IS,DLFU IS,DLFU IS,DLFU IS,DLFU IS,DLFU IS,DLFU IS,GAIL IS,GAIL IS,GAIL IS,GAIL IS,GAIL IS,GAIL IS,DRRD IS,DRRD IS,DRRD IS,DRRD IS,DRRD IS,DRRD IS,DRRD IS,DRRD IS,DRRD IS,GAIL IS,GAIL IS,GAIL IS,DRRD IS,DRRD IS,DRRD IS,DRRD IS,DRRD IS,DRRD IS,DRRD IS,DRRD IS,DRRD IS,DRRD IS,DRRD IS,DRRD IS,DRRD IS,DRRD IS,DRRD IS,DRRD IS,DRRD IS,DRRD IS,DRRD IS,DRRD IS,DRRD IS,DRRD IS,DRRD IS,DRRD IS,DABUR IS,DABUR IS,DABUR IS,DABUR IS,DABUR IS,DABUR IS,DABUR IS,DABUR IS
CIPLA IS,CIPLA IS,CIPLA IS,COAL IS,COAL IS,COAL IS,COAL IS,COAL IS,COAL IS,COAL IS,COAL IS,COAL IS,COAL IS,COAL IS,BPCL IS,BPCL IS,BPCL IS,BPCL IS,BPCL IS,BPCL IS,BPCL IS,BOS IS,BOS IS,BOS IS,BOS IS,BOS IS,BOB IS,BOB IS,BOB IS,BOB IS,BOB IS,BOB IS,BOB IS,BOB IS,BOB IS,BOB IS,BOB IS,BOB IS,BPCL IS,BPCL IS,BPCL IS,BPCL IS,BPCL IS,BPCL IS,BPCL IS,CAIR IS,CAIR IS,CAIR IS,CAIR IS,CIPLA IS,CIPLA IS,CIPLA IS,CIPLA IS,CIPLA IS,CIPLA IS,CIPLA IS,CIPLA IS,CIPLA IS,CIPLA IS,CIPLA IS,CIPLA IS,CIPLA IS,CIPLA IS,CIPLA IS,CIPLA IS,CIPLA IS,CIPLA IS,CIPLA IS,CIPLA IS,CIPLA IS,CIPLA IS,CIPLA IS,CIPLA IS,CIPLA IS,CIPLA IS,CIPLA IS,CIPLA IS,CIPLA IS,CIPLA IS,CIPLA IS,CIPLA IS,CIPLA IS,CIPLA IS,CIPLA IS,CIPLA IS,CIPLA IS,DLFU IS,DLFU IS,DLFU IS,DLFU IS,DLFU IS,DLFU IS,DRRD IS,DRRD IS,DRRD IS,DRRD IS,DRRD IS,DRRD IS,DRRD IS,DRRD IS,DRRD IS,DRRD IS,DRRD IS,DRRD IS,GAIL IS,GAIL IS,GAIL IS,GAIL IS,GAIL IS,GAIL IS,GAIL IS,GAIL IS,GAIL IS,GAIL IS,GAIL IS,GAIL IS,GAIL IS,GAIL IS,GAIL IS,GAIL IS,GAIL IS,GAIL IS,GAIL IS,GRASIM IS,GRASIM IS,GRASIM IS,GRASIM IS,GRASIM IS,GRASIM IS,GAIL IS,GAIL IS,GAIL IS,GAIL IS,GAIL IS,GAIL IS,GAIL IS,GAIL IS,GAIL IS,GLXO IS,GLXO IS,GLXO IS,GAIL IS,GAIL IS,GAIL IS,GAIL IS,GAIL IS,GAIL IS,GAIL IS,GAIL IS,GAIL IS,GAIL IS,GAIL IS,GAIL IS,GAIL IS,GAIL IS,GAIL IS,GAIL IS,GAIL IS,GAIL IS,GAIL IS,GAIL IS,GAIL IS,GAIL IS,GAIL IS,GAIL IS,DRRD IS,DRRD IS,DRRD IS,DRRD IS,DRRD IS,DRRD IS,DRRD IS,DRRD IS
COAL IS,COAL IS,COAL IS,DRRD IS,DRRD IS,DRRD IS,DRRD IS,DRRD IS,DRRD IS,DRRD IS,DRRD IS,DRRD IS,DRRD IS,DRRD IS,CIPLA IS,CIPLA IS,CIPLA IS,CIPLA IS,CIPLA IS,CIPLA IS,CIPLA IS,BPCL IS,BPCL IS,BPCL IS,BPCL IS,BPCL IS,BOS IS,BOS IS,BOS IS,BOS IS,BOS IS,BOS IS,BOS IS,BOS IS,BOS IS,BOS IS,BOS IS,BOS IS,CAIR IS,CAIR IS,CAIR IS,CAIR IS,CAIR IS,CAIR IS,CAIR IS,CIPLA IS,CIPLA IS,CIPLA IS,CIPLA IS,COAL IS,COAL IS,COAL IS,COAL IS,COAL IS,COAL IS,COAL IS,COAL IS,COAL IS,COAL IS,COAL IS,COAL IS,COAL IS,COAL IS,COAL IS,COAL IS,COAL IS,COAL IS,COAL IS,COAL IS,COAL IS,COAL IS,COAL IS,COAL IS,COAL IS,COAL IS,COAL IS,COAL IS,COAL IS,COAL IS,COAL IS,COAL IS,COAL IS,COAL IS,COAL IS,COAL IS,COAL IS,DRRD IS,DRRD IS,DRRD IS,DRRD IS,DRRD IS,DRRD IS,GAIL IS,GAIL IS,GAIL IS,GAIL IS,GAIL IS,GAIL IS,GAIL IS,GAIL IS,GAIL IS,GAIL IS,GAIL IS,GAIL IS,HCLT IS,HCLT IS,HCLT IS,HCLT IS,HCLT IS,HCLT IS,GRASIM IS,GRASIM IS,GRASIM IS,GRASIM IS,GRASIM IS,GRASIM IS,GRASIM IS,GRASIM IS,GRASIM IS,GRASIM IS,GRASIM IS,GRASIM IS,GRASIM IS,HCLT IS,HCLT IS,HCLT IS,HCLT IS,HCLT IS,HCLT IS,GRASIM IS,GRASIM IS,GRASIM IS,GRASIM IS,GRASIM IS,GRASIM IS,GLXO IS,GLXO IS,GLXO IS,GRASIM IS,GRASIM IS,GRASIM IS,GLXO IS,GLXO IS,GLXO IS,GLXO IS,GLXO IS,GLXO IS,GLXO IS,GLXO IS,GLXO IS,GLXO IS,GLXO IS,GLXO IS,GLXO IS,GLXO IS,GLXO IS,GLXO IS,GLXO IS,GLXO IS,GLXO IS,GLXO IS,GLXO IS,GLXO IS,GLXO IS,GLXO IS,GAIL IS,GAIL IS,GAIL IS,GAIL IS,GAIL IS,GAIL IS,GAIL IS,GAIL IS
DRRD IS,DRRD IS,DRRD IS,EIM IS,EIM IS,EIM IS,EIM IS,EIM IS,EIM IS,EIM IS,EIM IS,EIM IS,EIM IS,EIM IS,COAL IS,COAL IS,COAL IS,COAL IS,COAL IS,COAL IS,COAL IS,CIPLA IS,CIPLA IS,CIPLA IS,CIPLA IS,CIPLA IS,BPCL IS,BPCL IS,BPCL IS,BPCL IS,BPCL IS,BPCL IS,BPCL IS,BPCL IS,BPCL IS,BPCL IS,BPCL IS,BPCL IS,CIPLA IS,CIPLA IS,CIPLA IS,CIPLA IS,CIPLA IS,CIPLA IS,CIPLA IS,COAL IS,COAL IS,COAL IS,COAL IS,DRRD IS,DRRD IS,DLFU IS,DLFU IS,DLFU IS,DLFU IS,DLFU IS,DLFU IS,DLFU IS,DLFU IS,DLFU IS,DLFU IS,DLFU IS,DLFU IS,DLFU IS,DLFU IS,DLFU IS,DLFU IS,DLFU IS,DLFU IS,DLFU IS,DLFU IS,DLFU IS,DLFU IS,DLFU IS,DLFU IS,DLFU IS,DLFU IS,DLFU IS,DLFU IS,DLFU IS,DLFU IS,DLFU IS,DLFU IS,DLFU IS,DLFU IS,DLFU IS,GAIL IS,GAIL IS,GAIL IS,GAIL IS,GAIL IS,GAIL IS,GRASIM IS,GRASIM IS,GRASIM IS,GRASIM IS,GRASIM IS,GRASIM IS,GRASIM IS,HCLT IS,HCLT IS,HCLT IS,HCLT IS,HCLT IS,HDFC IS,HDFC IS,HDFC IS,HDFC IS,HDFC IS,HDFC IS,HCLT IS,HCLT IS,HCLT IS,HCLT IS,HCLT IS,HCLT IS,HCLT IS,HCLT IS,HCLT IS,HCLT IS,HCLT IS,HCLT IS,HCLT IS,HDFC IS,HDFC IS,HDFC IS,HDFC IS,HDFC IS,HDFC IS,HCLT IS,HCLT IS,HCLT IS,HCLT IS,HCLT IS,HCLT IS,GRASIM IS,GRASIM IS,GRASIM IS,HCLT IS,HCLT IS,HCLT IS,GRASIM IS,GRASIM IS,GRASIM IS,GRASIM IS,GRASIM IS,GRASIM IS,GRASIM IS,GRASIM IS,GRASIM IS,GRASIM IS,GRASIM IS,GRASIM IS,GRASIM IS,GRASIM IS,GRASIM IS,GRASIM IS,GRASIM IS,GRASIM IS,GRASIM IS,GRASIM IS,GRASIM IS,GRASIM IS,GRASIM IS,GRASIM IS,GLXO IS,GLXO IS,GLXO IS,GLXO IS,GLXO IS,GLXO IS,GLXO IS,GLXO IS
EIM IS,EIM IS,EIM IS,GAIL IS,GAIL IS,GAIL IS,GAIL IS,GAIL IS,GAIL IS,GAIL IS,GAIL IS,GAIL IS,GAIL IS,GAIL IS,DRRD IS,DRRD IS,DRRD IS,DRRD IS,DRRD IS,DRRD IS,DRRD IS,COAL IS,COAL IS,COAL IS,COAL IS,COAL IS,CIPLA IS,CIPLA IS,CIPLA IS,CIPLA IS,CIPLA IS,CIPLA IS,CIPLA IS,CIPLA IS,CIPLA IS,CIPLA IS,CIPLA IS,CIPLA IS,COAL IS,COAL IS,COAL IS,COAL IS,COAL IS,COAL IS,COAL IS,DRRD IS,DRRD IS,DRRD IS,DRRD IS,GAIL IS,GAIL IS,DRRD IS,DRRD IS,DRRD IS,DRRD IS,DRRD IS,DRRD IS,DRRD IS,DRRD IS,DRRD IS,DRRD IS,DRRD IS,DRRD IS,DRRD IS,DRRD IS,DRRD IS,DRRD IS,DRRD IS,DRRD IS,DRRD IS,DRRD IS,DRRD IS,DRRD IS,DRRD IS,DRRD IS,DRRD IS,DRRD IS,DRRD IS,DRRD IS,DRRD IS,DRRD IS,DRRD IS,DRRD IS,DRRD IS,DRRD IS,DRRD IS,GRASIM IS,GRASIM IS,GRASIM IS,GRASIM IS,GRASIM IS,GRASIM IS,HCLT IS,HCLT IS,HCLT IS,HCLT IS,HCLT IS,HCLT IS,HCLT IS,HDFC IS,HDFC IS,HDFC IS,HDFC IS,HDFC IS,HDFCB IS,HDFCB IS,HDFCB IS,HDFCB IS,HDFCB IS,HDFCB IS,HDFC IS,HDFC IS,HDFC IS,HDFC IS,HDFC IS,HDFC IS,HDFC IS,HDFC IS,HDFC IS,HDFC IS,HDFC IS,HDFC IS,HDFC IS,HDFCB IS,HDFCB IS,HDFCB IS,HDFCB IS,HDFCB IS,HDFCB IS,HDFC IS,HDFC IS,HDFC IS,HDFC IS,HDFC IS,HDFC IS,HCLT IS,HCLT IS,HCLT IS,HDFC IS,HDFC IS,HDFC IS,HCLT IS,HCLT IS,HCLT IS,HCLT IS,HCLT IS,HCLT IS,HCLT IS,HCLT IS,HCLT IS,HCLT IS,HCLT IS,HCLT IS,HCLT IS,HCLT IS,HCLT IS,HCLT IS,HCLT IS,HCLT IS,HCLT IS,HCLT IS,HCLT IS,HCLT IS,HCLT IS,HCLT IS,GRASIM IS,GRASIM IS,GRASIM IS,GRASIM IS,GRASIM IS,GRASIM IS,GRASIM IS,GRASIM IS
GAIL IS,GAIL IS,GAIL IS,GRASIM IS,GRASIM IS,GRASIM IS,GRASIM IS,GRASIM IS,GRASIM IS,GRASIM IS,GRASIM IS,GRASIM IS,GRASIM IS,GRASIM IS,EIM IS,EIM IS,EIM IS,EIM IS,EIM IS,EIM IS,EIM IS,DRRD IS,DRRD IS,DRRD IS,DRRD IS,DRRD IS,COAL IS,COAL IS,COAL IS,COAL IS,COAL IS,COAL IS,COAL IS,COAL IS,COAL IS,COAL IS,COAL IS,COAL IS,DRRD IS,DRRD IS,DRRD IS,DRRD IS,DRRD IS,DRRD IS,DRRD IS,GAIL IS,GAIL IS,GAIL IS,GAIL IS,GRASIM IS,GRASIM IS,GAIL IS,GAIL IS,GAIL IS,GAIL IS,GAIL IS,GAIL IS,GAIL IS,GAIL IS,GAIL IS,GAIL IS,GAIL IS,GAIL IS,GAIL IS,GAIL IS,GAIL IS,GAIL IS,GAIL IS,GAIL IS,GAIL IS,GAIL IS,GAIL IS,GAIL IS,GAIL IS,GAIL IS,GAIL IS,GAIL IS,GAIL IS,GAIL IS,GAIL IS,GAIL IS,GAIL IS,GAIL IS,GAIL IS,GAIL IS,GAIL IS,HCLT IS,HCLT IS,HCLT IS,HCLT IS,HCLT IS,HCLT IS,HDFC IS,HDFC IS,HDFC IS,HDFC IS,HDFC IS,HDFC IS,HDFC IS,HDFCB IS,HDFCB IS,HDFCB IS,HDFCB IS,HDFCB IS,HMCL IS,HMCL IS,HMCL IS,HMCL IS,HMCL IS,HMCL IS,HDFCB IS,HDFCB IS,HDFCB IS,HDFCB IS,HDFCB IS,HDFCB IS,HDFCB IS,HDFCB IS,HDFCB IS,HDFCB IS,HDFCB IS,HDFCB IS,HDFCB IS,HMCL IS,HMCL IS,HMCL IS,HMCL IS,HMCL IS,HMCL IS,HDFCB IS,HDFCB IS,HDFCB IS,HDFCB IS,HDFCB IS,HDFCB IS,HDFC IS,HDFC IS,HDFC IS,HDFCB IS,HDFCB IS,HDFCB IS,HDFC IS,HDFC IS,HDFC IS,HDFC IS,HDFC IS,HDFC IS,HDFC IS,HDFC IS,HDFC IS,HDFC IS,HDFC IS,HDFC IS,HDFC IS,HDFC IS,HDFC IS,HDFC IS,HDFC IS,HDFC IS,HDFC IS,HDFC IS,HDFC IS,HDFC IS,HDFC IS,HDFC IS,HCLT IS,HCLT IS,HCLT IS,HCLT IS,HCLT IS,HCLT IS,HCLT IS,HCLT IS
GRASIM IS,GRASIM IS,GRASIM IS,HCLT IS,HCLT IS,HCLT IS,HCLT IS,HCLT IS,HCLT IS,HCLT IS,HCLT IS,HCLT IS,HCLT IS,HCLT IS,GAIL IS,GAIL IS,GAIL IS,GAIL IS,GAIL IS,GAIL IS,GAIL IS,EIM IS,EIM IS,EIM IS,EIM IS,EIM IS,DRRD IS,DRRD IS,DRRD IS,DRRD IS,DRRD IS,DRRD IS,DRRD IS,DRRD IS,DRRD IS,DRRD IS,DRRD IS,DRRD IS,GAIL IS,GAIL IS,GAIL IS,GAIL IS,GAIL IS,GAIL IS,GAIL IS,GRASIM IS,GRASIM IS,GRASIM IS,GRASIM IS,HCLT IS,HCLT IS,GRASIM IS,GRASIM IS,GRASIM IS,GRASIM IS,GRASIM IS,GRASIM IS,GRASIM IS,GRASIM IS,GRASIM IS,GRASIM IS,GRASIM IS,GRASIM IS,GRASIM IS,GRASIM IS,GRASIM IS,GRASIM IS,GRASIM IS,GRASIM IS,GRASIM IS,GRASIM IS,GRASIM IS,GRASIM IS,GRASIM IS,GRASIM IS,GRASIM IS,GRASIM IS,GRASIM IS,GRASIM IS,GRASIM IS,GRASIM IS,GRASIM IS,GRASIM IS,GRASIM IS,GRASIM IS,GRASIM IS,HDFC IS,HDFC IS,HDFC IS,HDFC IS,HDFC IS,HDFC IS,HDFCB IS,HDFCB IS,HDFCB IS,HDFCB IS,HDFCB IS,HDFCB IS,HDFCB IS,HMCL IS,HMCL IS,HMCL IS,HMCL IS,HMCL IS,HNDL IS,HNDL IS,HNDL IS,HNDL IS,HNDL IS,HNDL IS,HMCL IS,HMCL IS,HMCL IS,HMCL IS,HMCL IS,HMCL IS,HMCL IS,HMCL IS,HMCL IS,HMCL IS,HMCL IS,HMCL IS,HMCL IS,HNDL IS,HNDL IS,HNDL IS,HNDL IS,HNDL IS,HNDL IS,HMCL IS,HMCL IS,HMCL IS,HMCL IS,HMCL IS,HMCL IS,HDFCB IS,HDFCB IS,HDFCB IS,HMCL IS,HMCL IS,HMCL IS,HDFCB IS,HDFCB IS,HDFCB IS,HDFCB IS,HDFCB IS,HDFCB IS,HDFCB IS,HDFCB IS,HDFCB IS,HDFCB IS,HDFCB IS,HDFCB IS,HDFCB IS,HDFCB IS,HDFCB IS,HDFCB IS,HDFCB IS,HDFCB IS,HDFCB IS,HDFCB IS,HDFCB IS,HDFCB IS,HDFCB IS,HDFCB IS,HDFC IS,HDFC IS,HDFC IS,HDFC IS,HDFC IS,HDFC IS,HDFC IS,HDFC IS
HCLT IS,HCLT IS,HCLT IS,HDFC IS,HDFC IS,HDFC IS,HDFC IS,HDFC IS,HDFC IS,HDFC IS,HDFC IS,HDFC IS,HDFC IS,HDFC IS,HCLT IS,HCLT IS,HCLT IS,HCLT IS,HCLT IS,HCLT IS,HCLT IS,GAIL IS,GAIL IS,GAIL IS,GAIL IS,GAIL IS,EIM IS,EIM IS,EIM IS,EIM IS,EIM IS,EIM IS,EIM IS,EIM IS,EIM IS,EIM IS,EIM IS,EIM IS,GRASIM IS,GRASIM IS,GRASIM IS,GRASIM IS,GRASIM IS,GRASIM IS,GRASIM IS,HCLT IS,HCLT IS,HCLT IS,HCLT IS,HDFC IS,HDFC IS,HCLT IS,HCLT IS,HCLT IS,HCLT IS,HCLT IS,HCLT IS,HCLT IS,HCLT IS,HCLT IS,HCLT IS,HCLT IS,HCLT IS,HCLT IS,HCLT IS,HCLT IS,HCLT IS,HCLT IS,HCLT IS,HCLT IS,HCLT IS,HCLT IS,HCLT IS,HCLT IS,HCLT IS,HCLT IS,HCLT IS,HCLT IS,HCLT IS,HCLT IS,HCLT IS,HCLT IS,HCLT IS,HCLT IS,HCLT IS,HCLT IS,HDFCB IS,HDFCB IS,HDFCB IS,HDFCB IS,HDFCB IS,HDFCB IS,HMCL IS,HMCL IS,HMCL IS,HMCL IS,HMCL IS,HMCL IS,HMCL IS,HNDL IS,HNDL IS,HNDL IS,HNDL IS,HNDL IS,HUVR IS,HUVR IS,HUVR IS,HUVR IS,HUVR IS,HUVR IS,HNDL IS,HNDL IS,HNDL IS,HNDL IS,HNDL IS,HNDL IS,HNDL IS,HNDL IS,HNDL IS,HNDL IS,HNDL IS,HNDL IS,HNDL IS,HUVR IS,HUVR IS,HUVR IS,HUVR IS,HUVR IS,HUVR IS,HNDL IS,HNDL IS,HNDL IS,HNDL IS,HNDL IS,HNDL IS,HMCL IS,HMCL IS,HMCL IS,HNDL IS,HNDL IS,HNDL IS,HMCL IS,HMCL IS,HMCL IS,HMCL IS,HMCL IS,HMCL IS,HMCL IS,HMCL IS,HMCL IS,HMCL IS,HMCL IS,HMCL IS,HMCL IS,HMCL IS,HMCL IS,HMCL IS,HMCL IS,HMCL IS,HMCL IS,HMCL IS,HMCL IS,HMCL IS,HMCL IS,HMCL IS,HDFCB IS,HDFCB IS,HDFCB IS,HDFCB IS,HDFCB IS,HDFCB IS,HDFCB IS,HDFCB IS
HDFC IS,HDFC IS,HDFC IS,HDFCB IS,HDFCB IS,HDFCB IS,HDFCB IS,HDFCB IS,HDFCB IS,HDFCB IS,HDFCB IS,HDFCB IS,HDFCB IS,HDFCB IS,HDFC IS,HDFC IS,HDFC IS,HDFC IS,HDFC IS,HDFC IS,HDFC IS,HCLT IS,HCLT IS,HCLT IS,HCLT IS,GRASIM IS,GAIL IS,GAIL IS,GAIL IS,GAIL IS,GAIL IS,GAIL IS,GAIL IS,GAIL IS,GAIL IS,GAIL IS,GAIL IS,GAIL IS,HCLT IS,HCLT IS,HCLT IS,HCLT IS,HCLT IS,HCLT IS,HCLT IS,HDFC IS,HDFC IS,HDFC IS,HDFC IS,HDFCB IS,HDFCB IS,HDFC IS,HDFC IS,HDFC IS,HDFC IS,HDFC IS,HDFC IS,HDFC IS,HDFC IS,HDFC IS,HDFC IS,HDFC IS,HDFC IS,HDFC IS,HDFC IS,HDFC IS,HDFC IS,HDFC IS,HDFC IS,HDFC IS,HDFC IS,HDFC IS,HDFC IS,HDFC IS,HDFC IS,HDFC IS,HDFC IS,HDFC IS,HDFC IS,HDFC IS,HDFC IS,HDFC IS,HDFC IS,HDFC IS,HDFC IS,HDFC IS,HMCL IS,HMCL IS,HMCL IS,HMCL IS,HMCL IS,HMCL IS,HNDL IS,HNDL IS,HNDL IS,HNDL IS,HNDL IS,HNDL IS,HNDL IS,HUVR IS,HUVR IS,HUVR IS,HUVR IS,HUVR IS,ICICIBC IS,ICICIBC IS,ICICIBC IS,ICICIBC IS,ICICIBC IS,ICICIBC IS,HUVR IS,HUVR IS,HUVR IS,HUVR IS,HUVR IS,HUVR IS,HUVR IS,HUVR IS,HUVR IS,HUVR IS,HUVR IS,HUVR IS,HUVR IS,ICICIBC IS,ICICIBC IS,ICICIBC IS,ICICIBC IS,ICICIBC IS,ICICIBC IS,HUVR IS,HUVR IS,HUVR IS,HUVR IS,HUVR IS,HUVR IS,HNDL IS,HNDL IS,HNDL IS,HPCL IS,HPCL IS,HPCL IS,HNDL IS,HNDL IS,HNDL IS,HNDL IS,HNDL IS,HNDL IS,HNDL IS,HNDL IS,HNDL IS,HNDL IS,HNDL IS,HNDL IS,HNDL IS,HNDL IS,HNDL IS,HNDL IS,HNDL IS,HNDL IS,HNDL IS,HNDL IS,HNDL IS,HNDL IS,HNDL IS,HNDL IS,HMCL IS,HMCL IS,HMCL IS,HMCL IS,HMCL IS,HMCL IS,HMCL IS,HMCL IS
HDFCB IS,HDFCB IS,HDFCB IS,HMCL IS,HMCL IS,HMCL IS,HMCL IS,HMCL IS,HMCL IS,HMCL IS,HMCL IS,HMCL IS,HMCL IS,HMCL IS,HDFCB IS,HDFCB IS,HDFCB IS,HDFCB IS,HDFCB IS,HDFCB IS,HDFCB IS,HDFC IS,HDFC IS,HDFC IS,HDFC IS,HCLT IS,GRASIM IS,GRASIM IS,GRASIM IS,GRASIM IS,GRASIM IS,GRASIM IS,GRASIM IS,GRASIM IS,GRASIM IS,GRASIM IS,GRASIM IS,GRASIM IS,HDFC IS,HDFC IS,HDFC IS,HDFC IS,HDFC IS,HDFC IS,HDFC IS,HDFCB IS,HDFCB IS,HDFCB IS,HDFCB IS,HMCL IS,HMCL IS,HDFCB IS,HDFCB IS,HDFCB IS,HDFCB IS,HDFCB IS,HDFCB IS,HDFCB IS,HDFCB IS,HDFCB IS,HDFCB IS,HDFCB IS,HDFCB IS,HDFCB IS,HDFCB IS,HDFCB IS,HDFCB IS,HDFCB IS,HDFCB IS,HDFCB IS,HDFCB IS,HDFCB IS,HDFCB IS,HDFCB IS,HDFCB IS,HDFCB IS,HDFCB IS,HDFCB IS,HDFCB IS,HDFCB IS,HDFCB IS,HDFCB IS,HDFCB IS,HDFCB IS,HDFCB IS,HDFCB IS,HNDL IS,HNDL IS,HNDL IS,HNDL IS,HNDL IS,HNDL IS,HUVR IS,HUVR IS,HUVR IS,HUVR IS,HUVR IS,HUVR IS,HUVR IS,ICICIBC IS,ICICIBC IS,ICICIBC IS,ICICIBC IS,ICICIBC IS,IDEA IS,IDEA IS,IDEA IS,IDEA IS,IDEA IS,IDEA IS,ICICIBC IS,ICICIBC IS,ICICIBC IS,ICICIBC IS,ICICIBC IS,ICICIBC IS,ICICIBC IS,ICICIBC IS,ICICIBC IS,ICICIBC IS,ICICIBC IS,ICICIBC IS,ICICIBC IS,IDEA IS,IDEA IS,IDEA IS,IDEA IS,IDEA IS,IDEA IS,ICICIBC IS,ICICIBC IS,ICICIBC IS,ICICIBC IS,ICICIBC IS,ICICIBC IS,HUVR IS,HUVR IS,HUVR IS,HUVR IS,HUVR IS,HUVR IS,HPCL IS,HPCL IS,HPCL IS,HPCL IS,HPCL IS,HPCL IS,HPCL IS,HPCL IS,HPCL IS,HPCL IS,HPCL IS,HPCL IS,HPCL IS,HPCL IS,HPCL IS,HPCL IS,HPCL IS,HPCL IS,HPCL IS,HPCL IS,HPCL IS,HPCL IS,HPCL IS,HPCL IS,HNDL IS,HNDL IS,HNDL IS,HNDL IS,HNDL IS,HNDL IS,HNDL IS,HNDL IS
HMCL IS,HMCL IS,HMCL IS,HNDL IS,HNDL IS,HNDL IS,HNDL IS,HNDL IS,HNDL IS,HNDL IS,HNDL IS,HNDL IS,HNDL IS,HNDL IS,HMCL IS,HMCL IS,HMCL IS,HMCL IS,HMCL IS,HMCL IS,HMCL IS,HDFCB IS,HDFCB IS,HDFCB IS,HDFCB IS,HDFC IS,HCLT IS,HCLT IS,HCLT IS,HCLT IS,HCLT IS,HCLT IS,HCLT IS,HCLT IS,HCLT IS,HCLT IS,HCLT IS,HCLT IS,HDFCB IS,HDFCB IS,HDFCB IS,HDFCB IS,HDFCB IS,HDFCB IS,HDFCB IS,HMCL IS,HMCL IS,HMCL IS,HMCL IS,HNDL IS,HNDL IS,HMCL IS,HMCL IS,HMCL IS,HMCL IS,HMCL IS,HMCL IS,HMCL IS,HMCL IS,HMCL IS,HMCL IS,HMCL IS,HMCL IS,HMCL IS,HMCL IS,HMCL IS,HMCL IS,HMCL IS,HMCL IS,HMCL IS,HMCL IS,HMCL IS,HMCL IS,HMCL IS,HMCL IS,HMCL IS,HMCL IS,HMCL IS,HMCL IS,HMCL IS,HMCL IS,HMCL IS,HMCL IS,HMCL IS,HMCL IS,HMCL IS,HUVR IS,HUVR IS,HUVR IS,HUVR IS,HUVR IS,HUVR IS,ICICIBC IS,ICICIBC IS,ICICIBC IS,ICICIBC IS,ICICIBC IS,ICICIBC IS,ICICIBC IS,IDFC IS,IDFC IS,IDFC IS,IDFC IS,IDFC IS,IDFC IS,IDFC IS,IDFC IS,IDFC IS,IDFC IS,IDFC IS,IDEA IS,IDEA IS,IDEA IS,IDEA IS,IDEA IS,IDEA IS,IDEA IS,IDEA IS,IDEA IS,IDEA IS,IDEA IS,IDEA IS,IDEA IS,INFO IS,INFO IS,INFO IS,INFO IS,INFO IS,INFO IS,IDEA IS,IDEA IS,IDEA IS,IDEA IS,IDEA IS,IDEA IS,ICICIBC IS,ICICIBC IS,ICICIBC IS,ICICIBC IS,ICICIBC IS,ICICIBC IS,HUVR IS,HUVR IS,HUVR IS,HUVR IS,HUVR IS,HUVR IS,HUVR IS,HUVR IS,HUVR IS,HUVR IS,HUVR IS,HUVR IS,HUVR IS,HUVR IS,HUVR IS,HUVR IS,HUVR IS,HUVR IS,HUVR IS,HUVR IS,HUVR IS,HUVR IS,HUVR IS,HUVR IS,HPCL IS,HPCL IS,HPCL IS,HPCL IS,HPCL IS,HPCL IS,HPCL IS,HPCL IS
HNDL IS,HNDL IS,HNDL IS,HPCL IS,HPCL IS,HPCL IS,HPCL IS,HPCL IS,HPCL IS,HPCL IS,HPCL IS,HPCL IS,HPCL IS,HPCL IS,HNDL IS,HNDL IS,HNDL IS,HNDL IS,HNDL IS,HNDL IS,HNDL IS,HMCL IS,HMCL IS,HMCL IS,HMCL IS,HDFCB IS,HDFC IS,HDFC IS,HDFC IS,HDFC IS,HDFC IS,HDFC IS,HDFC IS,HDFC IS,HDFC IS,HDFC IS,HDFC IS,HDFC IS,HMCL IS,HMCL IS,HMCL IS,HMCL IS,HMCL IS,HMCL IS,HMCL IS,HNDL IS,HNDL IS,HNDL IS,HNDL IS,HUVR IS,HUVR IS,HNDL IS,HNDL IS,HNDL IS,HNDL IS,HNDL IS,HNDL IS,HNDL IS,HNDL IS,HNDL IS,HNDL IS,HNDL IS,HNDL IS,HNDL IS,HNDL IS,HNDL IS,HNDL IS,HNDL IS,HNDL IS,HNDL IS,HNDL IS,HNDL IS,HNDL IS,HNDL IS,HNDL IS,HNDL IS,HNDL IS,HNDL IS,HNDL IS,HNDL IS,HNDL IS,HNDL IS,HNDL IS,HNDL IS,HNDL IS,HNDL IS,ICICIBC IS,ICICIBC IS,ICICIBC IS,ICICIBC IS,ICICIBC IS,ICICIBC IS,IDFC IS,IDFC IS,IDFC IS,IDFC IS,IDFC IS,IDFC IS,IDFC IS,INFO IS,INFO IS,INFO IS,INFO IS,INFO IS,INFO IS,INFO IS,INFO IS,INFO IS,INFO IS,INFO IS,IDFC IS,IDFC IS,IDFC IS,IDFC IS,IDFC IS,IDFC IS,INFO IS,INFO IS,INFO IS,INFO IS,INFO IS,INFO IS,INFO IS,ITC IS,ITC IS,ITC IS,ITC IS,ITC IS,ITC IS,INFO IS,INFO IS,INFO IS,INFO IS,INFO IS,INFO IS,IDEA IS,IDEA IS,IDEA IS,INFO IS,INFO IS,INFO IS,ICICIBC IS,ICICIBC IS,ICICIBC IS,ICICIBC IS,ICICIBC IS,ICICIBC IS,ICICIBC IS,ICICIBC IS,ICICIBC IS,ICICIBC IS,ICICIBC IS,ICICIBC IS,ICICIBC IS,ICICIBC IS,ICICIBC IS,ICICIBC IS,ICICIBC IS,ICICIBC IS,ICICIBC IS,ICICIBC IS,ICICIBC IS,ICICIBC IS,ICICIBC IS,ICICIBC IS,HUVR IS,HUVR IS,HUVR IS,HUVR IS,HUVR IS,HUVR IS,HUVR IS,HUVR IS
HUVR IS,HUVR IS,HUVR IS,HUVR IS,HUVR IS,HUVR IS,HUVR IS,HUVR IS,HUVR IS,HUVR IS,HUVR IS,HUVR IS,HUVR IS,HUVR IS,HPCL IS,HPCL IS,HPCL IS,HPCL IS,HPCL IS,HPCL IS,HPCL IS,HNDL IS,HNDL IS,HNDL IS,HNDL IS,HMCL IS,HDFCB IS,HDFCB IS,HDFCB IS,HDFCB IS,HDFCB IS,HDFCB IS,HDFCB IS,HDFCB IS,HDFCB IS,HDFCB IS,HDFCB IS,HDFCB IS,HNDL IS,HNDL IS,HNDL IS,HNDL IS,HNDL IS,HNDL IS,HNDL IS,HUVR IS,HUVR IS,HUVR IS,HUVR IS,ICICIBC IS,ICICIBC IS,HUVR IS,HUVR IS,HUVR IS,HUVR IS,HUVR IS,HUVR IS,HUVR IS,HUVR IS,HUVR IS,HUVR IS,HUVR IS,HUVR IS,HUVR IS,HUVR IS,HUVR IS,HUVR IS,HUVR IS,HUVR IS,HUVR IS,HUVR IS,HUVR IS,HUVR IS,HUVR IS,HUVR IS,HUVR IS,HUVR IS,HUVR IS,HUVR IS,HUVR IS,HUVR IS,HUVR IS,HUVR IS,HUVR IS,HUVR IS,HUVR IS,IDFC IS,IDFC IS,IDFC IS,IDFC IS,IDFC IS,IDFC IS,INFO IS,INFO IS,INFO IS,INFO IS,INFO IS,INFO IS,INFO IS,ITC IS,ITC IS,ITC IS,ITC IS,ITC IS,ITC IS,ITC IS,ITC IS,ITC IS,ITC IS,ITC IS,INFO IS,INFO IS,INFO IS,INFO IS,INFO IS,INFO IS,ITC IS,ITC IS,ITC IS,ITC IS,ITC IS,ITC IS,ITC IS,LT IS,LT IS,LT IS,LT IS,LT IS,LT IS,ITC IS,ITC IS,ITC IS,ITC IS,ITC IS,ITC IS,INFO IS,INFO IS,INFO IS,ITC IS,ITC IS,ITC IS,INFO IS,INFO IS,INFO IS,INFO IS,INFO IS,INFO IS,INFO IS,INFO IS,INFO IS,INFO IS,INFO IS,INFO IS,INFO IS,INFO IS,INFO IS,INFO IS,INFO IS,INFO IS,INFO IS,INFO IS,INFO IS,INFO IS,INFO IS,INFO IS,ICICIBC IS,ICICIBC IS,ICICIBC IS,ICICIBC IS,ICICIBC IS,ICICIBC IS,ICICIBC IS,ICICIBC IS
ICICIBC IS,ICICIBC IS,ICICIBC IS,ICICIBC IS,ICICIBC IS,ICICIBC IS,ICICIBC IS,ICICIBC IS,ICICIBC IS,ICICIBC IS,ICICIBC IS,ICICIBC IS,ICICIBC IS,ICICIBC IS,HUVR IS,HUVR IS,HUVR IS,HUVR IS,HUVR IS,HUVR IS,HUVR IS,HUVR IS,HUVR IS,HUVR IS,HUVR IS,HNDL IS,HMCL IS,HMCL IS,HMCL IS,HMCL IS,HMCL IS,HMCL IS,HMCL IS,HMCL IS,HMCL IS,HMCL IS,HMCL IS,HMCL IS,HUVR IS,HUVR IS,HUVR IS,HUVR IS,HUVR IS,HUVR IS,HUVR IS,ICICIBC IS,ICICIBC IS,ICICIBC IS,ICICIBC IS,IDEA IS,IDEA IS,ICICIBC IS,ICICIBC IS,ICICIBC IS,ICICIBC IS,ICICIBC IS,ICICIBC IS,ICICIBC IS,ICICIBC IS,ICICIBC IS,ICICIBC IS,ICICIBC IS,ICICIBC IS,ICICIBC IS,ICICIBC IS,ICICIBC IS,ICICIBC IS,ICICIBC IS,ICICIBC IS,ICICIBC IS,ICICIBC IS,ICICIBC IS,ICICIBC IS,ICICIBC IS,ICICIBC IS,ICICIBC IS,ICICIBC IS,ICICIBC IS,ICICIBC IS,ICICIBC IS,ICICIBC IS,ICICIBC IS,ICICIBC IS,ICICIBC IS,ICICIBC IS,ICICIBC IS,INFO IS,INFO IS,INFO IS,INFO IS,INFO IS,INFO IS,ITC IS,ITC IS,ITC IS,ITC IS,ITC IS,ITC IS,ITC IS,JPA IS,JPA IS,JPA IS,JPA IS,JPA IS,JPA IS,JPA IS,JPA IS,JPA IS,JPA IS,JPA IS,ITC IS,ITC IS,ITC IS,ITC IS,ITC IS,ITC IS,JSP IS,JSP IS,JSP IS,JSP IS,LT IS,LT IS,LT IS,MM IS,MM IS,MM IS,MM IS,MM IS,MM IS,LT IS,LT IS,LT IS,LT IS,LT IS,LT IS,ITC IS,ITC IS,ITC IS,LT IS,LT IS,LT IS,ITC IS,ITC IS,ITC IS,ITC IS,ITC IS,ITC IS,ITC IS,ITC IS,ITC IS,ITC IS,ITC IS,ITC IS,ITC IS,ITC IS,ITC IS,ITC IS,ITC IS,ITC IS,ITC IS,ITC IS,ITC IS,ITC IS,ITC IS,ITC IS,INFO IS,INFO IS,INFO IS,INFO IS,INFO IS,INFO IS,INFO IS,IH IS
IHFL IS,IHFL IS,IHFL IS,IHFL IS,IHFL IS,IHFL IS,IHFL IS,IHFL IS,IHFL IS,IHFL IS,IHFL IS,IHFL IS,IHFL IS,IHFL IS,ICICIBC IS,ICICIBC IS,ICICIBC IS,ICICIBC IS,ICICIBC IS,ICICIBC IS,ICICIBC IS,ICICIBC IS,ICICIBC IS,ICICIBC IS,ICICIBC IS,HUVR IS,HNDL IS,HNDL IS,HNDL IS,HNDL IS,HNDL IS,HNDL IS,HNDL IS,HNDL IS,HNDL IS,HNDL IS,HNDL IS,HNDL IS,ICICIBC IS,ICICIBC IS,ICICIBC IS,ICICIBC IS,ICICIBC IS,ICICIBC IS,ICICIBC IS,IDEA IS,IDEA IS,IDEA IS,IDEA IS,IDFC IS,IDFC IS,IDFC IS,IDFC IS,IDFC IS,IDFC IS,IDFC IS,IDFC IS,IDFC IS,IDFC IS,IDFC IS,IDFC IS,IDFC IS,IDFC IS,IDFC IS,IDFC IS,IDFC IS,IDFC IS,IDFC IS,IDFC IS,IDFC IS,IDFC IS,IDFC IS,IDFC IS,IDFC IS,IDFC IS,IDFC IS,IDFC IS,IDFC IS,IDFC IS,IDFC IS,IDFC IS,IDFC IS,IDFC IS,IDFC IS,IDFC IS,IDFC IS,ITC IS,ITC IS,ITC IS,ITC IS,ITC IS,ITC IS,JPA IS,JPA IS,JPA IS,JPA IS,JPA IS,JPA IS,JPA IS,JSP IS,JSP IS,JSP IS,JSP IS,JSP IS,JSP IS,JSP IS,JSP IS,JSP IS,JSP IS,JSP IS,JPA IS,JPA IS,JPA IS,JPA IS,JPA IS,JPA IS,LT IS,LT IS,LT IS,LT IS,MM IS,MM IS,MM IS,MSIL IS,MSIL IS,MSIL IS,MSIL IS,MSIL IS,MSIL IS,MM IS,MM IS,MM IS,MM IS,MM IS,MM IS,LT IS,LT IS,LT IS,MM IS,MM IS,MM IS,LT IS,LT IS,LT IS,LT IS,LT IS,JETIN IS,JETIN IS,JETIN IS,JETIN IS,JETIN IS,JETIN IS,JETIN IS,JETIN IS,JETIN IS,JETIN IS,JETIN IS,JETIN IS,JETIN IS,JETIN IS,JETIN IS,JETIN IS,JETIN IS,JETIN IS,JETIN IS,ITC IS,ITC IS,ITC IS,ITC IS,ITC IS,ITC IS,ITC IS,INFO IS
IIB IS,IIB IS,IIB IS,IIB IS,IIB IS,IIB IS,IIB IS,IIB IS,IIB IS,IIB IS,IIB IS,IIB IS,IIB IS,IIB IS,IHFL IS,IHFL IS,IHFL IS,IHFL IS,IHFL IS,IHFL IS,IHFL IS,IHFL IS,IHFL IS,IHFL IS,IHFL IS,ICICIBC IS,HUVR IS,HUVR IS,HUVR IS,HUVR IS,HUVR IS,HUVR IS,HUVR IS,HUVR IS,HUVR IS,HUVR IS,HUVR IS,HUVR IS,IDEA IS,IDEA IS,IDEA IS,IDEA IS,IDEA IS,IDEA IS,IDEA IS,IIB IS,IIB IS,IIB IS,IIB IS,IIB IS,IIB IS,IIB IS,IIB IS,IIB IS,IIB IS,IIB IS,IIB IS,IIB IS,IIB IS,IIB IS,IIB IS,IIB IS,IIB IS,IIB IS,IIB IS,IIB IS,IIB IS,IIB IS,IIB IS,IIB IS,IIB IS,IIB IS,IIB IS,IIB IS,INFO IS,INFO IS,INFO IS,INFO IS,INFO IS,INFO IS,INFO IS,INFO IS,INFO IS,INFO IS,INFO IS,INFO IS,JPA IS,JPA IS,JPA IS,JPA IS,JPA IS,JPA IS,JSP IS,JSP IS,JSP IS,JSP IS,JSP IS,JSP IS,JSP IS,KMB IS,KMB IS,KMB IS,KMB IS,KMB IS,KMB IS,KMB IS,KMB IS,KMB IS,KMB IS,KMB IS,JSP IS,JSP IS,JSP IS,JSP IS,JSP IS,JSP IS,MM IS,MM IS,MM IS,MM IS,MSIL IS,MSIL IS,MSIL IS,NACL IS,NACL IS,NACL IS,NACL IS,NACL IS,NACL IS,MSIL IS,MSIL IS,MSIL IS,MSIL IS,MSIL IS,MSIL IS,MM IS,MM IS,MM IS,MSIL IS,MSIL IS,MSIL IS,MM IS,MM IS,MM IS,MM IS,MM IS,LT IS,LT IS,LT IS,LT IS,LT IS,LT IS,LT IS,LT IS,LT IS,LT IS,LT IS,LT IS,LT IS,LT IS,LT IS,LT IS,LT IS,LT IS,LT IS,LT IS,LT IS,LT IS,LT IS,LT IS,LT IS,LT IS,ITC IS
INFO IS,INFO IS,INFO IS,INFO IS,INFO IS,INFO IS,INFO IS,INFO IS,INFO IS,INFO IS,INFO IS,INFO IS,INFO IS,INFO IS,IIB IS,IIB IS,IIB IS,IIB IS,IIB IS,IIB IS,IIB IS,IIB IS,IIB IS,IIB IS,IIB IS,IHFL IS,ICICIBC IS,ICICIBC IS,ICICIBC IS,ICICIBC IS,ICICIBC IS,ICICIBC IS,ICICIBC IS,ICICIBC IS,ICICIBC IS,ICICIBC IS,ICICIBC IS,ICICIBC IS,IIB IS,IIB IS,IIB IS,IIB IS,IIB IS,IIB IS,IIB IS,INFO IS,INFO IS,INFO IS,INFO IS,INFO IS,INFO IS,INFO IS,INFO IS,INFO IS,INFO IS,INFO IS,INFO IS,INFO IS,INFO IS,INFO IS,INFO IS,INFO IS,INFO IS,INFO IS,INFO IS,INFO IS,INFO IS,INFO IS,INFO IS,INFO IS,INFO IS,INFO IS,INFO IS,INFO IS,ITC IS,ITC IS,ITC IS,ITC IS,ITC IS,ITC IS,ITC IS,ITC IS,ITC IS,ITC IS,ITC IS,ITC IS,JSP IS,JSP IS,JSP IS,JSP IS,JSP IS,JSP IS,KMB IS,KMB IS,KMB IS,KMB IS,KMB IS,KMB IS,KMB IS,LT IS,LT IS,LT IS,LT IS,LT IS,LT IS,LT IS,LT IS,LT IS,LT IS,LT IS,LT IS,LT IS,LT IS,LT IS,LT IS,LT IS,MSIL IS,MSIL IS,MSIL IS,MSIL IS,NACL IS,NACL IS,NACL IS,NTPC IS,NTPC IS,NTPC IS,NTPC IS,NTPC IS,NTPC IS,NACL IS,NACL IS,NACL IS,NACL IS,NACL IS,NACL IS,MSIL IS,MSIL IS,MSIL IS,MTNL IS,MTNL IS,MTNL IS,MSIL IS,MSIL IS,MSIL IS,MSIL IS,MSIL IS,MM IS,MM IS,MM IS,MM IS,MM IS,MM IS,MM IS,MM IS,MM IS,MM IS,MM IS,MM IS,MM IS,MM IS,MM IS,MM IS,MM IS,MM IS,MM IS,MM IS,MM IS,MM IS,MM IS,MM IS,MM IS,MM IS,LT IS
IOCL IS,IOCL IS,IOCL IS,IOCL IS,IOCL IS,IOCL IS,IOCL IS,IOCL IS,IOCL IS,IOCL IS,IOCL IS,IOCL IS,IOCL IS,IOCL IS,INFO IS,INFO IS,INFO IS,INFO IS,INFO IS,INFO IS,INFO IS,INFO IS,INFO IS,INFO IS,INFO IS,IIB IS,IDEA IS,IDEA IS,IDEA IS,IDEA IS,IDEA IS,IDEA IS,IDEA IS,IDEA IS,IDEA IS,IDEA IS,IDEA IS,IDEA IS,INFO IS,INFO IS,INFO IS,INFO IS,INFO IS,INFO IS,INFO IS,ITC IS,ITC IS,ITC IS,ITC IS,ITC IS,ITC IS,ITC IS,ITC IS,ITC IS,ITC IS,ITC IS,ITC IS,ITC IS,ITC IS,ITC IS,ITC IS,ITC IS,ITC IS,ITC IS,ITC IS,ITC IS,ITC IS,ITC IS,ITC IS,ITC IS,ITC IS,ITC IS,ITC IS,ITC IS,JPA IS,JPA IS,JPA IS,JPA IS,JPA IS,JPA IS,JPA IS,JPA IS,JPA IS,JPA IS,JPA IS,JPA IS,KMB IS,KMB IS,KMB IS,KMB IS,KMB IS,KMB IS,LT IS,LT IS,LT IS,LT IS,LT IS,LT IS,LT IS,MM IS,MM IS,MM IS,MM IS,MM IS,MM IS,MM IS,MM IS,MM IS,MM IS,MM IS,MM IS,MM IS,MM IS,MM IS,MM IS,MM IS,NACL IS,NACL IS,NACL IS,NACL IS,NTPC IS,NTPC IS,NTPC IS,ONGC IS,ONGC IS,ONGC IS,ONGC IS,ONGC IS,ONGC IS,NTPC IS,NTPC IS,NTPC IS,NTPC IS,NTPC IS,NTPC IS,NACL IS,NACL IS,NACL IS,NACL IS,NACL IS,NACL IS,MTNL IS,MTNL IS,MTNL IS,MTNL IS,MTNL IS,MSIL IS,MSIL IS,MSIL IS,MSIL IS,MSIL IS,MSIL IS,MSIL IS,MSIL IS,MSIL IS,MSIL IS,MSIL IS,MSIL IS,MSIL IS,MSIL IS,MSIL IS,MSIL IS,MSIL IS,MSIL IS,MSIL IS,MSIL IS,MSIL IS,MSIL IS,MSIL IS,MSIL IS,MSIL IS,MSIL IS,MM IS
ITC IS,ITC IS,ITC IS,ITC IS,ITC IS,ITC IS,ITC IS,ITC IS,ITC IS,ITC IS,ITC IS,ITC IS,ITC IS,ITC IS,IOCL IS,IOCL IS,IOCL IS,IOCL IS,IOCL IS,IOCL IS,IOCL IS,IOCL IS,IOCL IS,IOCL IS,IOCL IS,INFO IS,IIB IS,IIB IS,IIB IS,IIB IS,IIB IS,IIB IS,IIB IS,IIB IS,IIB IS,IIB IS,IIB IS,IIB IS,ITC IS,ITC IS,ITC IS,ITC IS,ITC IS,ITC IS,ITC IS,KMB IS,KMB IS,KMB IS,KMB IS,KMB IS,KMB IS,JSP IS,JSP IS,JSP IS,JSP IS,JSP IS,JSP IS,JSP IS,JSP IS,JSP IS,JSP IS,JSP IS,JSP IS,JPA IS,JPA IS,JPA IS,JPA IS,JPA IS,JPA IS,JPA IS,JPA IS,JPA IS,JPA IS,JPA IS,JSP IS,JSP IS,JSP IS,JSP IS,JSP IS,JSP IS,JSP IS,JSP IS,JSP IS,JSP IS,JSP IS,JSP IS,LT IS,LT IS,LT IS,LT IS,LT IS,LT IS,MM IS,MM IS,MM IS,MM IS,MM IS,MM IS,MM IS,MSIL IS,MSIL IS,MSIL IS,MSIL IS,MSIL IS,MSIL IS,MSIL IS,MSIL IS,MSIL IS,MSIL IS,MSIL IS,MSIL IS,MSIL IS,MSIL IS,MSIL IS,MSIL IS,MSIL IS,NTPC IS,NTPC IS,NTPC IS,NTPC IS,ONGC IS,ONGC IS,ONGC IS,PNB IS,PNB IS,PNB IS,PNB IS,PNB IS,PNB IS,ONGC IS,ONGC IS,ONGC IS,ONGC IS,ONGC IS,ONGC IS,NTPC IS,NTPC IS,NTPC IS,NTPC IS,NTPC IS,NIPCL IS,NACL IS,NACL IS,NACL IS,NACL IS,NACL IS,MTNL IS,MTNL IS,MTNL IS,MTNL IS,MTNL IS,MTNL IS,MTNL IS,MTNL IS,MTNL IS,MTNL IS,MTNL IS,MTNL IS,MTNL IS,MTNL IS,MTNL IS,MTNL IS,MTNL IS,MTNL IS,MTNL IS,MTNL IS,MTNL IS,MTNL IS,MTNL IS,MTNL IS,MTNL IS,MTNL IS,MSIL IS
JSTL IS,JSTL IS,JSTL IS,JSTL IS,JSTL IS,JSTL IS,JSTL IS,JSTL IS,JSTL IS,KMB IS,KMB IS,KMB IS,KMB IS,KMB IS,ITC IS,ITC IS,ITC IS,ITC IS,ITC IS,ITC IS,ITC IS,ITC IS,ITC IS,ITC IS,ITC IS,IOCL IS,INFO IS,INFO IS,INFO IS,INFO IS,INFO IS,INFO IS,INFO IS,INFO IS,INFO IS,INFO IS,INFO IS,INFO IS,KMB IS,KMB IS,KMB IS,KMB IS,KMB IS,KMB IS,KMB IS,LPC IS,LPC IS,LPC IS,LPC IS,LPC IS,LPC IS,KMB IS,KMB IS,KMB IS,KMB IS,KMB IS,KMB IS,KMB IS,KMB IS,KMB IS,KMB IS,KMB IS,KMB IS,JSP IS,JSP IS,JSP IS,JSP IS,JSP IS,JSP IS,JSP IS,JSP IS,JSP IS,JSP IS,JSP IS,KMB IS,KMB IS,KMB IS,KMB IS,KMB IS,KMB IS,KMB IS,KMB IS,KMB IS,KMB IS,KMB IS,KMB IS,MM IS,MM IS,MM IS,MM IS,MM IS,MM IS,MSIL IS,MSIL IS,MSIL IS,MSIL IS,MSIL IS,MSIL IS,MSIL IS,NTPC IS,NTPC IS,NTPC IS,NTPC IS,NTPC IS,NTPC IS,NTPC IS,NTPC IS,NTPC IS,NTPC IS,NTPC IS,NTPC IS,NTPC IS,NTPC IS,NTPC IS,NTPC IS,NTPC IS,ONGC IS,ONGC IS,ONGC IS,ONGC IS,PNB IS,PNB IS,PNB IS,PWGR IS,PWGR IS,PWGR IS,PWGR IS,PWGR IS,PWGR IS,PNB IS,PNB IS,PNB IS,PNB IS,PNB IS,PNB IS,ONGC IS,ONGC IS,ONGC IS,ONGC IS,ONGC IS,NTPC IS,NIPCL IS,NIPCL IS,NIPCL IS,NIPCL IS,NIPCL IS,NACL IS,NACL IS,NACL IS,NACL IS,NACL IS,NACL IS,NACL IS,NACL IS,NACL IS,NACL IS,NACL IS,NACL IS,NACL IS,NACL IS,NACL IS,NACL IS,NACL IS,NACL IS,NACL IS,NACL IS,NACL IS,NACL IS,NACL IS,NACL IS,NACL IS,NACL IS,MTNL IS
KMB IS,KMB IS,KMB IS,KMB IS,KMB IS,KMB IS,KMB IS,KMB IS,KMB IS,LPC IS,LPC IS,LPC IS,LPC IS,LPC IS,KMB IS,KMB IS,KMB IS,KMB IS,KMB IS,KMB IS,KMB IS,KMB IS,KMB IS,KMB IS,KMB IS,ITC IS,ITC IS,ITC IS,ITC IS,ITC IS,ITC IS,ITC IS,ITC IS,ITC IS,ITC IS,ITC IS,ITC IS,ITC IS,LPC IS,LPC IS,LPC IS,LPC IS,LPC IS,LPC IS,LPC IS,LT IS,LT IS,LT IS,LT IS,LT IS,LT IS,LPC IS,LPC IS,LPC IS,LPC IS,LPC IS,LPC IS,LPC IS,LPC IS,LPC IS,LPC IS,LPC IS,LPC IS,KMB IS,KMB IS,KMB IS,KMB IS,KMB IS,KMB IS,KMB IS,KMB IS,KMB IS,KMB IS,KMB IS,LPC IS,LPC IS,LPC IS,LPC IS,LPC IS,LPC IS,LPC IS,LT IS,LT IS,LT IS,LT IS,LT IS,MSIL IS,MSIL IS,MSIL IS,MSIL IS,MSIL IS,MSIL IS,NTPC IS,NTPC IS,NTPC IS,NTPC IS,NTPC IS,NTPC IS,NTPC IS,ONGC IS,ONGC IS,ONGC IS,ONGC IS,ONGC IS,ONGC IS,ONGC IS,ONGC IS,ONGC IS,ONGC IS,ONGC IS,ONGC IS,ONGC IS,ONGC IS,ONGC IS,ONGC IS,ONGC IS,PNB IS,PNB IS,PNB IS,PNB IS,PWGR IS,PWGR IS,PWGR IS,RBXY IS,RBXY IS,RBXY IS,RBXY IS,RBXY IS,RBXY IS,PWGR IS,PWGR IS,PWGR IS,PWGR IS,PWGR IS,PWGR IS,PNB IS,PNB IS,PNB IS,PNB IS,PNB IS,ONGC IS,ONGC IS,ONGC IS,ONGC IS,ONGC IS,ONGC IS,NIPCL IS,NIPCL IS,NIPCL IS,NIPCL IS,NIPCL IS,NIPCL IS,NIPCL IS,NIPCL IS,NIPCL IS,NIPCL IS,NIPCL IS,NIPCL IS,NIPCL IS,NIPCL IS,NIPCL IS,NIPCL IS,NIPCL IS,NIPCL IS,NIPCL IS,NIPCL IS,NIPCL IS,NIPCL IS,NIPCL IS,NIPCL IS,NIPCL IS,NIPCL IS,NACL IS
LT IS,LT IS,LT IS,LT IS,LT IS,LT IS,LT IS,LT IS,LT IS,LT IS,LT IS,LT IS,LT IS,LT IS,LPC IS,LPC IS,LPC IS,LPC IS,LPC IS,LPC IS,LPC IS,LPC IS,LPC IS,LPC IS,LPC IS,KMB IS,KMB IS,KMB IS,KMB IS,KMB IS,KMB IS,KMB IS,KMB IS,KMB IS,KMB IS,KMB IS,KMB IS,KMB IS,LT IS,LT IS,LT IS,LT IS,LT IS,LT IS,LT IS,MM IS,MM IS,MM IS,MM IS,MM IS,MM IS,LT IS,LT IS,LT IS,LT IS,LT IS,LT IS,LT IS,LT IS,LT IS,LT IS,LT IS,LT IS,LPC IS,LPC IS,LPC IS,LPC IS,LPC IS,LPC IS,LPC IS,LPC IS,LPC IS,LPC IS,LPC IS,LT IS,LT IS,LT IS,LT IS,LT IS,LT IS,LT IS,MM IS,MM IS,MM IS,MM IS,MM IS,NTPC IS,NTPC IS,NTPC IS,NTPC IS,NTPC IS,NTPC IS,ONGC IS,ONGC IS,ONGC IS,ONGC IS,ONGC IS,ONGC IS,ONGC IS,PNB IS,PNB IS,PNB IS,PNB IS,PNB IS,PNB IS,PNB IS,PNB IS,PNB IS,PNB IS,PNB IS,PNB IS,PNB IS,PNB IS,PNB IS,PNB IS,PNB IS,PWGR IS,PWGR IS,PWGR IS,PWGR IS,RBXY IS,RBXY IS,RBXY IS,RCAPT IS,RCAPT IS,RCOM IS,RCOM IS,RCOM IS,RCOM IS,RBXY IS,RBXY IS,RBXY IS,RBXY IS,RBXY IS,RBXY IS,RBXY IS,RBXY IS,RBXY IS,RBXY IS,RBXY IS,PNB IS,PNB IS,PNB IS,PNB IS,PNB IS,PNB IS,OBC IS,OBC IS,OBC IS,OBC IS,OBC IS,OBC IS,OBC IS,OBC IS,OBC IS,OBC IS,OBC IS,OBC IS,OBC IS,OBC IS,OBC IS,OBC IS,OBC IS,OBC IS,OBC IS,OBC IS,OBC IS,OBC IS,OBC IS,OBC IS,OBC IS,OBC IS,NIPCL IS
MM IS,MM IS,MM IS,MM IS,MM IS,MM IS,MM IS,MM IS,MM IS,MM IS,MM IS,MM IS,MM IS,MM IS,LT IS,LT IS,LT IS,LT IS,LT IS,LT IS,LT IS,LT IS,LT IS,LT IS,LT IS,LPC IS,LPC IS,LPC IS,LPC IS,LPC IS,LPC IS,LPC IS,LPC IS,LPC IS,LPC IS,LPC IS,LPC IS,LPC IS,MM IS,MM IS,MM IS,MM IS,MM IS,MM IS,MM IS,MSIL IS,MSIL IS,MSIL IS,MSIL IS,MSIL IS,MSIL IS,MM IS,MM IS,MM IS,MM IS,MM IS,MM IS,MM IS,MM IS,MM IS,MM IS,MM IS,MM IS,LT IS,LT IS,LT IS,LT IS,LT IS,LT IS,LT IS,LT IS,LT IS,LT IS,LT IS,MM IS,MM IS,MM IS,MM IS,MM IS,MM IS,MM IS,MSIL IS,MSIL IS,MSIL IS,MSIL IS,MSIL IS,ONGC IS,ONGC IS,ONGC IS,ONGC IS,ONGC IS,ONGC IS,PNB IS,PNB IS,PNB IS,PNB IS,PNB IS,PNB IS,PNB IS,PWGR IS,PWGR IS,PWGR IS,PWGR IS,PWGR IS,PWGR IS,PWGR IS,PWGR IS,PWGR IS,PWGR IS,PWGR IS,PWGR IS,PWGR IS,PWGR IS,PWGR IS,PWGR IS,PWGR IS,RBXY IS,RBXY IS,RBXY IS,RBXY IS,RCAPT IS,RCAPT IS,RCAPT IS,RCOM IS,RCOM IS,RELI IS,RELI IS,RELI IS,RELI IS,RCOM IS,RCOM IS,RCOM IS,RCOM IS,RCOM IS,RCOM IS,RCOM IS,RCOM IS,RCOM IS,RCOM IS,RCOM IS,RBXY IS,RBXY IS,RBXY IS,RBXY IS,RBXY IS,RBXY IS,ONGC IS,ONGC IS,ONGC IS,ONGC IS,ONGC IS,ONGC IS,ONGC IS,ONGC IS,ONGC IS,ONGC IS,ONGC IS,ONGC IS,ONGC IS,ONGC IS,ONGC IS,ONGC IS,ONGC IS,ONGC IS,ONGC IS,ONGC IS,ONGC IS,ONGC IS,ONGC IS,ONGC IS,ONGC IS,ONGC IS,OBC IS
MSIL IS,MSIL IS,MSIL IS,MSIL IS,MSIL IS,MSIL IS,MSIL IS,MSIL IS,MSIL IS,MSIL IS,MSIL IS,MSIL IS,MSIL IS,MSIL IS,MM IS,MM IS,MM IS,MM IS,MM IS,MM IS,MM IS,MM IS,MM IS,MM IS,MM IS,LT IS,LT IS,LT IS,LT IS,LT IS,LT IS,LT IS,LT IS,LT IS,LT IS,LT IS,LT IS,LT IS,MSIL IS,MSIL IS,MSIL IS,MSIL IS,MSIL IS,MSIL IS,MSIL IS,NMDC IS,NMDC IS,NMDC IS,NMDC IS,NMDC IS,NMDC IS,MSIL IS,MSIL IS,MSIL IS,MSIL IS,MSIL IS,MSIL IS,MSIL IS,MSIL IS,MSIL IS,MSIL IS,MSIL IS,MSIL IS,MM IS,MM IS,MM IS,MM IS,MM IS,MM IS,MM IS,MM IS,MM IS,MM IS,MM IS,MSIL IS,MSIL IS,MSIL IS,MSIL IS,MSIL IS,MSIL IS,MSIL IS,NTPC IS,NTPC IS,NTPC IS,NTPC IS,NTPC IS,PNB IS,PNB IS,PNB IS,PNB IS,PNB IS,PNB IS,PWGR IS,PWGR IS,PWGR IS,PWGR IS,PWGR IS,PWGR IS,PWGR IS,RBXY IS,RBXY IS,RBXY IS,RBXY IS,RBXY IS,RBXY IS,RBXY IS,RBXY IS,RBXY IS,RBXY IS,RBXY IS,RBXY IS,RBXY IS,RBXY IS,RBXY IS,RBXY IS,RBXY IS,RCAPT IS,RCAPT IS,RCAPT IS,RCAPT IS,RCOM IS,RCOM IS,RCOM IS,RELI IS,RELI IS,RIL IS,RIL IS,RIL IS,RIL IS,RELI IS,RELI IS,RELI IS,RELI IS,RELI IS,RELI IS,RELI IS,RELI IS,RELI IS,RELI IS,RELI IS,RCOM IS,RCOM IS,RCOM IS,RCOM IS,RCOM IS,RCOM IS,PNB IS,PNB IS,PNB IS,PNB IS,PNB IS,PNB IS,PNB IS,PNB IS,PNB IS,PNB IS,PNB IS,PNB IS,PNB IS,PNB IS,PNB IS,PNB IS,PNB IS,PNB IS,PNB IS,PNB IS,PNB IS,PNB IS,PNB IS,PNB IS,PNB IS,PNB IS,ONGC IS
NTPC IS,NTPC IS,NTPC IS,NTPC IS,NTPC IS,NTPC IS,NTPC IS,NTPC IS,NTPC IS,NTPC IS,NTPC IS,NTPC IS,NTPC IS,NTPC IS,MSIL IS,MSIL IS,MSIL IS,MSIL IS,MSIL IS,MSIL IS,MSIL IS,MSIL IS,MSIL IS,MSIL IS,MSIL IS,MM IS,MM IS,MM IS,MM IS,MM IS,MM IS,MM IS,MM IS,MM IS,MM IS,MM IS,MM IS,MM IS,NTPC IS,NTPC IS,NTPC IS,NTPC IS,NTPC IS,NTPC IS,NTPC IS,NTPC IS,NTPC IS,NTPC IS,NTPC IS,NTPC IS,NTPC IS,NMDC IS,NMDC IS,NMDC IS,NMDC IS,NMDC IS,NMDC IS,NMDC IS,NMDC IS,NMDC IS,NMDC IS,NMDC IS,NMDC IS,MSIL IS,MSIL IS,MSIL IS,MSIL IS,MSIL IS,MSIL IS,MSIL IS,MSIL IS,MSIL IS,MSIL IS,MSIL IS,NTPC IS,NTPC IS,NTPC IS,NTPC IS,NTPC IS,NTPC IS,NTPC IS,ONGC IS,ONGC IS,ONGC IS,ONGC IS,ONGC IS,PWGR IS,PWGR IS,PWGR IS,PWGR IS,PWGR IS,PWGR IS,RBXY IS,RBXY IS,RBXY IS,RBXY IS,RBXY IS,RBXY IS,RBXY IS,RCAPT IS,RCAPT IS,RCAPT IS,RCAPT IS,RCAPT IS,RCAPT IS,RCAPT IS,RCAPT IS,RCAPT IS,RCAPT IS,RCAPT IS,RCAPT IS,RCAPT IS,RCAPT IS,RCAPT IS,RCAPT IS,RCAPT IS,RCOM IS,RCOM IS,RCOM IS,RCOM IS,RELI IS,RELI IS,RELI IS,RIL IS,RIL IS,RPET IS,RPET IS,RPET IS,RPET IS,RIL IS,RIL IS,RIL IS,RIL IS,RIL IS,RIL IS,RIL IS,RIL IS,RIL IS,RIL IS,RIL IS,RELI IS,RELI IS,RELI IS,RELI IS,RELI IS,RELI IS,RBXY IS,RBXY IS,RBXY IS,RBXY IS,RBXY IS,RBXY IS,RBXY IS,RBXY IS,RBXY IS,RBXY IS,RBXY IS,RBXY IS,RBXY IS,RBXY IS,RBXY IS,RBXY IS,RBXY IS,RBXY IS,RBXY IS,RBXY IS,RBXY IS,RBXY IS,RBXY IS,RBXY IS,RBXY IS,RBXY IS,PNB IS
ONGC IS,ONGC IS,ONGC IS,ONGC IS,ONGC IS,ONGC IS,ONGC IS,ONGC IS,ONGC IS,ONGC IS,ONGC IS,ONGC IS,ONGC IS,ONGC IS,NTPC IS,NTPC IS,NTPC IS,NTPC IS,NTPC IS,NTPC IS,NTPC IS,NTPC IS,NTPC IS,NTPC IS,NTPC IS,MSIL IS,MSIL IS,MSIL IS,MSIL IS,MSIL IS,MSIL IS,MSIL IS,MSIL IS,MSIL IS,MSIL IS,MSIL IS,MSIL IS,MSIL IS,ONGC IS,ONGC IS,ONGC IS,ONGC IS,ONGC IS,ONGC IS,ONGC IS,ONGC IS,ONGC IS,ONGC IS,ONGC IS,ONGC IS,ONGC IS,NTPC IS,NTPC IS,NTPC IS,NTPC IS,NTPC IS,NTPC IS,NTPC IS,NTPC IS,NTPC IS,NTPC IS,NTPC IS,NTPC IS,NMDC IS,NMDC IS,NMDC IS,NMDC IS,NMDC IS,NMDC IS,NMDC IS,NMDC IS,NMDC IS,NMDC IS,NMDC IS,ONGC IS,ONGC IS,ONGC IS,ONGC IS,ONGC IS,ONGC IS,ONGC IS,PNB IS,PNB IS,PNB IS,PNB IS,PNB IS,RBXY IS,RBXY IS,RBXY IS,RBXY IS,RBXY IS,RBXY IS,RCAPT IS,RCAPT IS,RCAPT IS,RCAPT IS,RCAPT IS,RCAPT IS,RCAPT IS,RCOM IS,RCOM IS,RCOM IS,RCOM IS,RCOM IS,RCOM IS,RCOM IS,RCOM IS,RCOM IS,RCOM IS,RCOM IS,RCOM IS,RCOM IS,RCOM IS,RCOM IS,RCOM IS,RCOM IS,RELI IS,RELI IS,RELI IS,RELI IS,RIL IS,RIL IS,RIL IS,RPET IS,RPET IS,RPWR IS,RPWR IS,RPWR IS,RPWR IS,RPET IS,RPET IS,RPET IS,RPET IS,RPET IS,RPET IS,RPET IS,RPET IS,RPET IS,RPET IS,RPET IS,RIL IS,RIL IS,RIL IS,RIL IS,RIL IS,RIL IS,RCOM IS,RCOM IS,RCOM IS,RCOM IS,RCOM IS,RCOM IS,RCOM IS,RELI IS,RELI IS,RELI IS,RELI IS,RELI IS,RELI IS,RELI IS,RELI IS,RELI IS,RELI IS,RELI IS,RELI IS,RELI IS,RELI IS,RELI IS,RELI IS,RELI IS,RELI IS,RELI IS,RBXY IS
PWGR IS,PWGR IS,PWGR IS,PWGR IS,PWGR IS,PWGR IS,PWGR IS,PWGR IS,PWGR IS,PWGR IS,PWGR IS,PWGR IS,PWGR IS,PWGR IS,ONGC IS,ONGC IS,ONGC IS,ONGC IS,ONGC IS,ONGC IS,ONGC IS,ONGC IS,ONGC IS,ONGC IS,ONGC IS,NTPC IS,NTPC IS,NTPC IS,NTPC IS,NTPC IS,NTPC IS,NTPC IS,NTPC IS,NTPC IS,NTPC IS,NTPC IS,NTPC IS,NTPC IS,PNB IS,PNB IS,PNB IS,PNB IS,PNB IS,PNB IS,PNB IS,PNB IS,PNB IS,PNB IS,PNB IS,PNB IS,PNB IS,ONGC IS,ONGC IS,ONGC IS,ONGC IS,ONGC IS,ONGC IS,ONGC IS,ONGC IS,ONGC IS,ONGC IS,ONGC IS,ONGC IS,NTPC IS,NTPC IS,NTPC IS,NTPC IS,NTPC IS,NTPC IS,NTPC IS,NTPC IS,NTPC IS,NTPC IS,NTPC IS,PNB IS,PNB IS,PNB IS,PNB IS,PNB IS,PNB IS,PNB IS,PWGR IS,PWGR IS,PWGR IS,PWGR IS,PWGR IS,RCOM IS,RCOM IS,RCOM IS,RCOM IS,RCOM IS,RCOM IS,RCOM IS,RCOM IS,RCOM IS,RCOM IS,RCOM IS,RCOM IS,RCOM IS,RELI IS,RELI IS,RELI IS,RELI IS,RELI IS,RELI IS,RELI IS,RELI IS,RELI IS,RELI IS,RELI IS,RELI IS,RELI IS,RELI IS,RELI IS,RELI IS,RELI IS,RIL IS,RIL IS,RIL IS,RIL IS,RPET IS,RPET IS,RPET IS,RPWR IS,RPWR IS,SAIL IS,SAIL IS,SAIL IS,SAIL IS,SAIL IS,SAIL IS,SAIL IS,SAIL IS,SAIL IS,SAIL IS,SAIL IS,SAIL IS,SAIL IS,SAIL IS,SAIL IS,RPET IS,RPET IS,RPET IS,RPET IS,RPET IS,RPET IS,RELI IS,RELI IS,RELI IS,RELI IS,RELI IS,RELI IS,RELI IS,RIL IS,RIL IS,RIL IS,RIL IS,RIL IS,RIL IS,RIL IS,RIL IS,RIL IS,RIL IS,RIL IS,RIL IS,RIL IS,RIL IS,RIL IS,RIL IS,RIL IS,RIL IS,RIL IS,RELI IS
RIL IS,RIL IS,RIL IS,RIL IS,RIL IS,RIL IS,RIL IS,RIL IS,RIL IS,RIL IS,RIL IS,RIL IS,RIL IS,RIL IS,PWGR IS,PWGR IS,PWGR IS,PWGR IS,PWGR IS,PWGR IS,PWGR IS,PWGR IS,PWGR IS,PWGR IS,PWGR IS,ONGC IS,ONGC IS,ONGC IS,ONGC IS,ONGC IS,ONGC IS,ONGC IS,ONGC IS,ONGC IS,ONGC IS,ONGC IS,ONGC IS,ONGC IS,PWGR IS,PWGR IS,PWGR IS,PWGR IS,PWGR IS,PWGR IS,PWGR IS,PWGR IS,PWGR IS,PWGR IS,PWGR IS,PWGR IS,PWGR IS,PNB IS,PNB IS,PNB IS,PNB IS,PNB IS,PNB IS,PNB IS,PNB IS,PNB IS,PNB IS,PNB IS,PNB IS,ONGC IS,ONGC IS,ONGC IS,ONGC IS,ONGC IS,ONGC IS,ONGC IS,ONGC IS,ONGC IS,ONGC IS,ONGC IS,PWGR IS,PWGR IS,PWGR IS,PWGR IS,PWGR IS,PWGR IS,PWGR IS,RBXY IS,RBXY IS,RBXY IS,RBXY IS,RBXY IS,RELI IS,RELI IS,RELI IS,RELI IS,RELI IS,RELI IS,RELI IS,RELI IS,RELI IS,RELI IS,RELI IS,RELI IS,RELI IS,RIL IS,RIL IS,RIL IS,RIL IS,RIL IS,RIL IS,RIL IS,RIL IS,RIL IS,RIL IS,RIL IS,RIL IS,RIL IS,RIL IS,RIL IS,RIL IS,RIL IS,RPWR IS,RPWR IS,RPWR IS,RPWR IS,RPWR IS,RPWR IS,RPWR IS,SAIL IS,SAIL IS,SBIN IS,SBIN IS,SBIN IS,SBIN IS,SBIN IS,SBIN IS,SBIN IS,SBIN IS,SBIN IS,SBIN IS,SBIN IS,SBIN IS,SBIN IS,SBIN IS,SBIN IS,SAIL IS,SAIL IS,SAIL IS,SAIL IS,SAIL IS,SAIL IS,RIL IS,RIL IS,RIL IS,RIL IS,RIL IS,RIL IS,RIL IS,SAIL IS,SAIL IS,SAIL IS,SAIL IS,SAIL IS,SAIL IS,SAIL IS,SAIL IS,SAIL IS,SAIL IS,SAIL IS,SAIL IS,SAIL IS,SAIL IS,SAIL IS,SAIL IS,SAIL IS,SAIL IS,SAIL IS,RIL IS
SBIN IS,SBIN IS,SBIN IS,SBIN IS,SBIN IS,SBIN IS,SBIN IS,SBIN IS,SBIN IS,SBIN IS,SBIN IS,SBIN IS,SBIN IS,SBIN IS,RIL IS,RIL IS,RIL IS,RIL IS,RIL IS,RIL IS,RIL IS,RIL IS,RIL IS,RIL IS,RIL IS,PWGR IS,PWGR IS,PWGR IS,PWGR IS,PWGR IS,PWGR IS,PWGR IS,PWGR IS,PWGR IS,PWGR IS,PWGR IS,PWGR IS,PWGR IS,RIL IS,RIL IS,RIL IS,RIL IS,RIL IS,RIL IS,RIL IS,RIL IS,RIL IS,RIL IS,RIL IS,RIL IS,RIL IS,PWGR IS,PWGR IS,PWGR IS,PWGR IS,PWGR IS,PWGR IS,PWGR IS,PWGR IS,PWGR IS,PWGR IS,PWGR IS,PWGR IS,PNB IS,PNB IS,PNB IS,PNB IS,PNB IS,PNB IS,PNB IS,PNB IS,PNB IS,PNB IS,PNB IS,RBXY IS,RBXY IS,RBXY IS,RBXY IS,RBXY IS,RBXY IS,RBXY IS,RELI IS,RELI IS,RELI IS,RELI IS,RELI IS,RIL IS,RIL IS,RIL IS,RIL IS,RIL IS,RIL IS,RIL IS,RIL IS,RIL IS,RIL IS,RIL IS,RIL IS,RIL IS,RPWR IS,RPWR IS,RPWR IS,RPWR IS,RPWR IS,RPWR IS,RPWR IS,RPWR IS,RPWR IS,RPWR IS,RPWR IS,RPWR IS,RPWR IS,RPWR IS,RPWR IS,RPWR IS,RPWR IS,SAIL IS,SAIL IS,SAIL IS,SAIL IS,SAIL IS,SAIL IS,SAIL IS,SBIN IS,SBIN IS,SCS IS,SCS IS,SCS IS,SCS IS,SCS IS,SCS IS,SCS IS,SCS IS,SCS IS,SCS IS,SCS IS,SCS IS,SCS IS,SCS IS,SCS IS,SBIN IS,SBIN IS,SBIN IS,SBIN IS,SBIN IS,SBIN IS,SAIL IS,SAIL IS,SAIL IS,SAIL IS,SAIL IS,SAIL IS,SAIL IS,SBIN IS,SBIN IS,SBIN IS,SBIN IS,SBIN IS,SBIN IS,SBIN IS,SBIN IS,SBIN IS,SBIN IS,SBIN IS,SBIN IS,SBIN IS,SBIN IS,SBIN IS,SBIN IS,SBIN IS,SBIN IS,SBIN IS,SAIL IS
SUNP IS,SUNP IS,SUNP IS,SUNP IS,SUNP IS,SUNP IS,SUNP IS,SUNP IS,SUNP IS,SUNP IS,SUNP IS,SUNP IS,SUNP IS,SUNP IS,SBIN IS,SBIN IS,SBIN IS,SBIN IS,SBIN IS,SBIN IS,SBIN IS,SBIN IS,SBIN IS,SBIN IS,SBIN IS,RIL IS,RIL IS,RIL IS,RIL IS,RIL IS,RIL IS,RIL IS,RIL IS,RIL IS,RIL IS,RIL IS,RIL IS,RIL IS,SBIN IS,SBIN IS,SBIN IS,SBIN IS,SBIN IS,SBIN IS,SBIN IS,SBIN IS,SBIN IS,SBIN IS,SBIN IS,SBIN IS,SBIN IS,RIL IS,RIL IS,RIL IS,RIL IS,RIL IS,RIL IS,RIL IS,RIL IS,RIL IS,RIL IS,RIL IS,RIL IS,PWGR IS,PWGR IS,PWGR IS,PWGR IS,PWGR IS,PWGR IS,PWGR IS,PWGR IS,PWGR IS,PWGR IS,PWGR IS,RELI IS,RELI IS,RELI IS,RELI IS,RELI IS,RELI IS,RELI IS,RIL IS,RIL IS,RIL IS,RIL IS,RIL IS,RPWR IS,RPWR IS,RPWR IS,RPWR IS,RPWR IS,RPWR IS,RPWR IS,RPWR IS,RPWR IS,RPWR IS,RPWR IS,RPWR IS,RPWR IS,SAIL IS,SAIL IS,SAIL IS,SAIL IS,SAIL IS,SAIL IS,SAIL IS,SAIL IS,SAIL IS,SAIL IS,SAIL IS,SAIL IS,SAIL IS,SAIL IS,SAIL IS,SAIL IS,SAIL IS,SBIN IS,SBIN IS,SBIN IS,SBIN IS,SBIN IS,SBIN IS,SBIN IS,SIEM IS,SIEM IS,SIEM IS,SIEM IS,SIEM IS,SIEM IS,SIEM IS,SIEM IS,SIEM IS,SIEM IS,SIEM IS,SIEM IS,SIEM IS,SIEM IS,SIEM IS,SIEM IS,SIEM IS,SCS IS,SCS IS,SCS IS,SCS IS,SCS IS,SCS IS,SBIN IS,SBIN IS,SBIN IS,SBIN IS,SBIN IS,SBIN IS,SBIN IS,SCS IS,SCS IS,SCS IS,SCI IS,SCI IS,SCI IS,SCI IS,SCI IS,SCI IS,SCI IS,SCI IS,SCI IS,SCI IS,SCI IS,SCI IS,SCI IS,SCI IS,SCI IS,SCI IS,SBIN IS
TATA IS,TATA IS,TATA IS,TATA IS,TATA IS,TATA IS,TATA IS,TATA IS,TATA IS,TATA IS,TATA IS,TATA IS,TATA IS,TATA IS,SUNP IS,SUNP IS,SUNP IS,SUNP IS,SUNP IS,SUNP IS,SUNP IS,SUNP IS,SUNP IS,SUNP IS,SUNP IS,SBIN IS,SBIN IS,SBIN IS,SBIN IS,SBIN IS,SBIN IS,SBIN IS,SBIN IS,SBIN IS,SBIN IS,SBIN IS,SBIN IS,SBIN IS,SUNP IS,SUNP IS,SUNP IS,SUNP IS,SUNP IS,SUNP IS,SUNP IS,SUNP IS,SUNP IS,SUNP IS,SUNP IS,SUNP IS,SUNP IS,SBIN IS,SBIN IS,SBIN IS,SBIN IS,SBIN IS,SBIN IS,SBIN IS,SBIN IS,SBIN IS,SBIN IS,SBIN IS,SBIN IS,RBXY IS,RBXY IS,RBXY IS,RBXY IS,RBXY IS,RBXY IS,RBXY IS,RBXY IS,RBXY IS,RBXY IS,RBXY IS,RIL IS,RIL IS,RIL IS,RIL IS,RIL IS,RIL IS,RIL IS,SAIL IS,SAIL IS,SAIL IS,SAIL IS,SAIL IS,SAIL IS,SAIL IS,SAIL IS,SAIL IS,SAIL IS,SAIL IS,SAIL IS,SAIL IS,SAIL IS,SAIL IS,SAIL IS,SAIL IS,SAIL IS,SBIN IS,SBIN IS,SBIN IS,SBIN IS,SBIN IS,SBIN IS,SBIN IS,SBIN IS,SBIN IS,SBIN IS,SBIN IS,SBIN IS,SBIN IS,SBIN IS,SBIN IS,SBIN IS,SBIN IS,SIEM IS,SIEM IS,SIEM IS,SIEM IS,SIEM IS,SIEM IS,SIEM IS,STLT IS,STLT IS,STLT IS,STLT IS,STLT IS,STLT IS,STLT IS,STLT IS,STLT IS,STLT IS,STLT IS,STLT IS,STLT IS,STLT IS,STLT IS,STLT IS,STLT IS,SIEM IS,SIEM IS,SIEM IS,SIEM IS,SIEM IS,SIEM IS,SCS IS,SCS IS,SCS IS,SCS IS,SCS IS,SCS IS,SCS IS,SIEM IS,SIEM IS,SIEM IS,SCS IS,SCS IS,SCS IS,SCS IS,SCS IS,SCS IS,SCS IS,SCS IS,SCS IS,SCS IS,SCS IS,SCS IS,SCS IS,SCS IS,SCS IS,SCS IS,SCI IS
TCS IS,TCS IS,TCS IS,TCS IS,TCS IS,TCS IS,TCS IS,TCS IS,TCS IS,TCS IS,TCS IS,TCS IS,TCS IS,TCS IS,TATA IS,TATA IS,TATA IS,TATA IS,TATA IS,TATA IS,TATA IS,TATA IS,TATA IS,TATA IS,TATA IS,SUNP IS,SUNP IS,SUNP IS,SUNP IS,SUNP IS,SUNP IS,SUNP IS,SUNP IS,SUNP IS,SUNP IS,SUNP IS,SUNP IS,SUNP IS,TATA IS,TATA IS,TATA IS,TATA IS,TATA IS,TATA IS,TATA IS,TATA IS,TATA IS,TATA IS,TATA IS,TATA IS,TATA IS,SUNP IS,SUNP IS,SUNP IS,SUNP IS,SUNP IS,SUNP IS,SUNP IS,SUNP IS,SUNP IS,SUNP IS,SUNP IS,SUNP IS,RIL IS,RIL IS,RIL IS,RIL IS,RIL IS,RIL IS,RELI IS,RELI IS,RELI IS,RELI IS,RELI IS,SBIN IS,SBIN IS,SBIN IS,SBIN IS,SBIN IS,SBIN IS,SBIN IS,SBIN IS,SBIN IS,SBIN IS,SBIN IS,SBIN IS,SBIN IS,SBIN IS,SBIN IS,SBIN IS,SBIN IS,SBIN IS,SBIN IS,SBIN IS,SBIN IS,SBIN IS,SBIN IS,SBIN IS,SBIN IS,SIEM IS,SIEM IS,SIEM IS,SIEM IS,SIEM IS,SIEM IS,SIEM IS,SIEM IS,SIEM IS,SIEM IS,SIEM IS,SIEM IS,SIEM IS,SIEM IS,SIEM IS,SIEM IS,SIEM IS,STLT IS,STLT IS,STLT IS,STLT IS,STLT IS,STLT IS,STLT IS,SUEL IS,SUEL IS,SUEL IS,SUEL IS,SUEL IS,SUEL IS,SUEL IS,SUEL IS,SUEL IS,SUEL IS,SUEL IS,SUEL IS,SUEL IS,SUEL IS,SUEL IS,SUEL IS,SUEL IS,STLT IS,STLT IS,STLT IS,STLT IS,STLT IS,STLT IS,SIEM IS,SIEM IS,SIEM IS,SIEM IS,SIEM IS,SIEM IS,SIEM IS,SUEL IS,SUEL IS,SUEL IS,SUNP IS,SUNP IS,SUNP IS,SUNP IS,SUNP IS,SUNP IS,SUNP IS,SUNP IS,SUNP IS,SUNP IS,SUNP IS,SUNP IS,SUNP IS,SUNP IS,SUNP IS,SUNP IS,SCS IS
TECHM IS,TECHM IS,TECHM IS,TECHM IS,TECHM IS,TECHM IS,TECHM IS,TECHM IS,TECHM IS,TECHM IS,TECHM IS,TECHM IS,TECHM IS,TECHM IS,TCS IS,TCS IS,TCS IS,TCS IS,TCS IS,TCS IS,TCS IS,TCS IS,TCS IS,TCS IS,TCS IS,TATA IS,TATA IS,TATA IS,TATA IS,TATA IS,TATA IS,TATA IS,TATA IS,TATA IS,TATA IS,TATA IS,TATA IS,TATA IS,TCS IS,TCS IS,TCS IS,TCS IS,TCS IS,TCS IS,TCS IS,TCS IS,TCS IS,TCS IS,TCS IS,TCS IS,TCS IS,TATA IS,TATA IS,TATA IS,TATA IS,TATA IS,TATA IS,TATA IS,TATA IS,TATA IS,TATA IS,TATA IS,TATA IS,SBIN IS,SBIN IS,SBIN IS,SBIN IS,SBIN IS,SBIN IS,RIL IS,RIL IS,RIL IS,RIL IS,RIL IS,SIEM IS,SIEM IS,SIEM IS,SIEM IS,SIEM IS,SIEM IS,SIEM IS,SIEM IS,SIEM IS,SIEM IS,SIEM IS,SIEM IS,SIEM IS,SIEM IS,SIEM IS,SIEM IS,SIEM IS,SIEM IS,SIEM IS,SIEM IS,SIEM IS,SIEM IS,SIEM IS,SIEM IS,SIEM IS,STLT IS,STLT IS,STLT IS,STLT IS,STLT IS,STLT IS,STLT IS,STLT IS,STLT IS,STLT IS,STLT IS,STLT IS,STLT IS,STLT IS,STLT IS,STLT IS,STLT IS,SUEL IS,SUEL IS,SUEL IS,SUEL IS,SUEL IS,SUEL IS,SUEL IS,SUNP IS,SUNP IS,SUNP IS,SUNP IS,SUNP IS,SUNP IS,SUNP IS,SUNP IS,SUNP IS,SUNP IS,SUNP IS,SUNP IS,SUNP IS,SUNP IS,SUNP IS,SUNP IS,SUNP IS,SUEL IS,SUEL IS,SUEL IS,SUEL IS,SUEL IS,SUEL IS,SUEL IS,SUEL IS,SUEL IS,SUEL IS,SUEL IS,SUEL IS,SUEL IS,SUNP IS,SUNP IS,SUNP IS,TATA IS,TATA IS,TATA IS,TATA IS,TATA IS,TATA IS,TATA IS,TATA IS,TATA IS,TATA IS,TATA IS,TATA IS,TATA IS,TATA IS,TATA IS,TATA IS,SUNP IS
TTAN IS,TTAN IS,TTAN IS,TTAN IS,TTAN IS,TTAN IS,TTAN IS,TTAN IS,TTAN IS,TTAN IS,TTAN IS,TTAN IS,TTAN IS,TTAN IS,TECHM IS,TECHM IS,TECHM IS,TECHM IS,TECHM IS,TECHM IS,TECHM IS,TECHM IS,TECHM IS,TECHM IS,TECHM IS,TCS IS,TCS IS,TCS IS,TCS IS,TCS IS,TCS IS,TCS IS,TCS IS,TCS IS,TCS IS,TCS IS,TCS IS,TCS IS,TECHM IS,TECHM IS,TECHM IS,TECHM IS,TECHM IS,TECHM IS,TECHM IS,TECHM IS,TECHM IS,TECHM IS,TECHM IS,TECHM IS,TECHM IS,TCS IS,TCS IS,TCS IS,TCS IS,TCS IS,TCS IS,TCS IS,TCS IS,TCS IS,TCS IS,TCS IS,TCS IS,SUNP IS,SUNP IS,SUNP IS,SUNP IS,SUNP IS,SUNP IS,SBIN IS,SBIN IS,SBIN IS,SBIN IS,SBIN IS,SUNP IS,SUNP IS,SUNP IS,SUNP IS,SUNP IS,SUNP IS,SUNP IS,STLT IS,STLT IS,STLT IS,STLT IS,STLT IS,STLT IS,STLT IS,STLT IS,STLT IS,STLT IS,STLT IS,STLT IS,STLT IS,STLT IS,STLT IS,STLT IS,STLT IS,STLT IS,SUEL IS,SUEL IS,SUEL IS,SUEL IS,SUEL IS,SUEL IS,SUEL IS,SUEL IS,SUEL IS,SUEL IS,SUEL IS,SUEL IS,SUEL IS,SUEL IS,SUEL IS,SUEL IS,SUEL IS,SUNP IS,SUNP IS,SUNP IS,SUNP IS,SUNP IS,SUNP IS,SUNP IS,TATA IS,TATA IS,TATA IS,TATA IS,TATA IS,TATA IS,TATA IS,TATA IS,TATA IS,TATA IS,TATA IS,TATA IS,TATA IS,TATA IS,TATA IS,TATA IS,TATA IS,SUNP IS,SUNP IS,SUNP IS,SUNP IS,SUNP IS,SUNP IS,SUNP IS,SUNP IS,SUNP IS,SUNP IS,SUNP IS,SUNP IS,SUNP IS,TATA IS,TATA IS,TATA IS,TCOM IS,TCOM IS,TCOM IS,TCOM IS,TCOM IS,TCOM IS,TCOM IS,TCOM IS,TCOM IS,TCOM IS,TCOM IS,TCOM IS,TCOM IS,TCOM IS,TCOM IS,TCOM IS,TATA IS
TTMT IS,TTMT IS,TTMT IS,TTMT IS,TTMT IS,TTMT IS,TTMT IS,TTMT IS,TTMT IS,TTMT IS,TTMT IS,TTMT IS,TTMT IS,TTMT IS,TTMT IS,TTMT IS,TTMT IS,TTMT IS,TTMT IS,TTMT IS,TTMT IS,TPWR IS,TPWR IS,TPWR IS,TPWR IS,TECHM IS,TECHM IS,TECHM IS,TECHM IS,TECHM IS,TECHM IS,TECHM IS,TECHM IS,TECHM IS,TECHM IS,TECHM IS,TECHM IS,TECHM IS,TPWR IS,TPWR IS,TPWR IS,TPWR IS,TPWR IS,TPWR IS,TPWR IS,TPWR IS,TPWR IS,TPWR IS,TPWR IS,TPWR IS,TPWR IS,TECHM IS,TECHM IS,TECHM IS,TECHM IS,TECHM IS,TECHM IS,TECHM IS,TECHM IS,TECHM IS,TECHM IS,TECHM IS,TECHM IS,TATA IS,TATA IS,TATA IS,TATA IS,TATA IS,TATA IS,SUNP IS,SUNP IS,SUNP IS,SUNP IS,SUNP IS,TATA IS,TATA IS,TATA IS,TATA IS,TATA IS,TATA IS,TATA IS,SUNP IS,SUNP IS,SUNP IS,SUNP IS,SUNP IS,SUNP IS,SUNP IS,SUNP IS,SUNP IS,SUNP IS,SUNP IS,SUNP IS,SUNP IS,SUNP IS,SUNP IS,SUNP IS,SUNP IS,SUNP IS,SUNP IS,SUNP IS,SUNP IS,SUNP IS,SUNP IS,SUNP IS,SUNP IS,SUNP IS,SUNP IS,SUNP IS,SUNP IS,SUNP IS,SUNP IS,SUNP IS,SUNP IS,SUNP IS,SUNP IS,TATA IS,TATA IS,TATA IS,TATA IS,TATA IS,TATA IS,TATA IS,TCOM IS,TCOM IS,TCOM IS,TCOM IS,TCOM IS,TCOM IS,TCOM IS,TCOM IS,TCOM IS,TCOM IS,TCOM IS,TCOM IS,TCOM IS,TCOM IS,TCOM IS,TCOM IS,TCOM IS,TATA IS,TATA IS,TATA IS,TATA IS,TATA IS,TATA IS,TATA IS,TATA IS,TATA IS,TATA IS,TATA IS,TATA IS,TATA IS,TCOM IS,TCOM IS,TCOM IS,TCS IS,TCS IS,TCS IS,TCS IS,TCS IS,TCS IS,TCS IS,TCS IS,TCS IS,TCS IS,TCS IS,TCS IS,TCS IS,TCS IS,TCS IS,TCS IS,TCOM IS
UPLL IS,UPLL IS,UPLL IS,UPLL IS,UPLL IS,UPLL IS,UPLL IS,UPLL IS,UPLL IS,UPLL IS,UPLL IS,UPLL IS,UPLL IS,UPLL IS,UPLL IS,UPLL IS,UPLL IS,UPLL IS,UPLL IS,UPLL IS,UPLL IS,TTMT IS,TTMT IS,TTMT IS,TTMT IS,TPWR IS,TPWR IS,TPWR IS,TPWR IS,TPWR IS,TPWR IS,TPWR IS,TPWR IS,TPWR IS,TPWR IS,TPWR IS,TPWR IS,TPWR IS,TTMT IS,TTMT IS,TTMT IS,TTMT IS,TTMT IS,TTMT IS,TTMT IS,TTMT IS,TTMT IS,TTMT IS,TTMT IS,TTMT IS,TTMT IS,TPWR IS,TPWR IS,TPWR IS,TPWR IS,TPWR IS,TPWR IS,TPWR IS,TPWR IS,TPWR IS,TPWR IS,TPWR IS,TPWR IS,TCS IS,TCS IS,TCS IS,TCS IS,TCS IS,TCS IS,TATA IS,TATA IS,TATA IS,TATA IS,TATA IS,TCS IS,TCS IS,TCS IS,TCS IS,TCS IS,TCS IS,TCS IS,TATA IS,TATA IS,TATA IS,TATA IS,TATA IS,TATA IS,TATA IS,TATA IS,TATA IS,TATA IS,TATA IS,TATA IS,TATA IS,TATA IS,TATA IS,TATA IS,TATA IS,TATA IS,TATA IS,TATA IS,TATA IS,TATA IS,TATA IS,TATA IS,TATA IS,TATA IS,TATA IS,TATA IS,TATA IS,TATA IS,TATA IS,TATA IS,TATA IS,TATA IS,TATA IS,TCOM IS,TCOM IS,TCOM IS,TCOM IS,TCOM IS,TCOM IS,TCOM IS,TCS IS,TCS IS,TCS IS,TCS IS,TCS IS,TCS IS,TCS IS,TCS IS,TCS IS,TCS IS,TCS IS,TCS IS,TCS IS,TCS IS,TCS IS,TCS IS,TCS IS,TCOM IS,TCOM IS,TCOM IS,TCOM IS,TCOM IS,TCOM IS,TCOM IS,TCOM IS,TCOM IS,TCOM IS,TCOM IS,TCOM IS,TCOM IS,TCS IS,TCS IS,TCS IS,TGBL IS,TGBL IS,TGBL IS,TGBL IS,TGBL IS,TGBL IS,TGBL IS,TGBL IS,TGBL IS,TGBL IS,TGBL IS,TGBL IS,TGBL IS,TGBL IS,TGBL IS,TGBL IS,TGBL IS
UTCEM IS,UTCEM IS,UTCEM IS,UTCEM IS,UTCEM IS,UTCEM IS,UTCEM IS,UTCEM IS,UTCEM IS,UTCEM IS,UTCEM IS,UTCEM IS,UTCEM IS,UTCEM IS,UTCEM IS,UTCEM IS,UTCEM IS,UTCEM IS,UTCEM IS,UTCEM IS,UTCEM IS,TTMT/A IS,TTMT/A IS,TTMT/A IS,TTMT/A IS,TTMT IS,TTMT IS,TTMT IS,TTMT IS,TTMT IS,TTMT IS,TTMT IS,TTMT IS,TTMT IS,TTMT IS,TTMT IS,TTMT IS,TTMT IS,UTCEM IS,UTCEM IS,UTCEM IS,UTCEM IS,UTCEM IS,UTCEM IS,UTCEM IS,UTCEM IS,UTCEM IS,UTCEM IS,UTCEM IS,UTCEM IS,UTCEM IS,TTMT IS,TTMT IS,TTMT IS,TTMT IS,TTMT IS,TTMT IS,TTMT IS,TTMT IS,TTMT IS,TTMT IS,TTMT IS,TTMT IS,TPWR IS,TPWR IS,TPWR IS,TPWR IS,TPWR IS,TPWR IS,TCS IS,TCS IS,TCS IS,TCS IS,TCS IS,TPWR IS,TPWR IS,TPWR IS,TPWR IS,TPWR IS,TPWR IS,TPWR IS,TCS IS,TCS IS,TCS IS,TCS IS,TCS IS,TCS IS,TCS IS,TCS IS,TCS IS,TCS IS,TCS IS,TCS IS,TCS IS,TCS IS,TCS IS,TCS IS,TCS IS,TCS IS,TCS IS,TCS IS,TCS IS,TCS IS,TCS IS,TCS IS,TCS IS,TCS IS,TCS IS,TCS IS,TCS IS,TCS IS,TCS IS,TCS IS,TCS IS,TCS IS,TCS IS,TCS IS,TCS IS,TCS IS,TCS IS,TCS IS,TCS IS,TCS IS,TPWR IS,TPWR IS,TPWR IS,TPWR IS,TPWR IS,TPWR IS,TPWR IS,TPWR IS,TPWR IS,TPWR IS,TPWR IS,TPWR IS,TPWR IS,TPWR IS,TPWR IS,TPWR IS,TPWR IS,TCS IS,TCS IS,TCS IS,TCS IS,TCS IS,TCS IS,TCS IS,TCS IS,TCS IS,TCS IS,TCS IS,TCS IS,TCS IS,TGBL IS,TGBL IS,TGBL IS,TPWR IS,TPWR IS,TPWR IS,TPWR IS,TPWR IS,TPWR IS,TPWR IS,TPWR IS,TPWR IS,TPWR IS,TPWR IS,TPWR IS,TPWR IS,TPWR IS,TPWR IS,TPWR IS,TPWR IS
VEDL IS,VEDL IS,VEDL IS,VEDL IS,VEDL IS,VEDL IS,VEDL IS,VEDL IS,VEDL IS,VEDL IS,VEDL IS,VEDL IS,VEDL IS,VEDL IS,VEDL IS,VEDL IS,VEDL IS,VEDL IS,VEDL IS,VEDL IS,VEDL IS,UTCEM IS,UTCEM IS,UTCEM IS,UTCEM IS,TTMT/A IS,TTMT/A IS,TTMT/A IS,TTMT/A IS,TTMT/A IS,TTMT/A IS,TTMT/A IS,TTMT/A IS,TTMT/A IS,TTMT/A IS,TTMT/A IS,TTMT/A IS,TTMT/A IS,VEDL IS,VEDL IS,VEDL IS,VEDL IS,VEDL IS,VEDL IS,VEDL IS,VEDL IS,VEDL IS,VEDL IS,VEDL IS,VEDL IS,VEDL IS,UTCEM IS,UTCEM IS,UTCEM IS,UTCEM IS,UTCEM IS,UTCEM IS,UNSP IS,UNSP IS,UNSP IS,UNSP IS,UNSP IS,UNSP IS,TTMT IS,TTMT IS,TTMT IS,TTMT IS,TTMT IS,TTMT IS,TPWR IS,TPWR IS,TPWR IS,TPWR IS,TPWR IS,TTMT IS,TTMT IS,TTMT IS,TTMT IS,TTMT IS,TTMT IS,TTMT IS,TPWR IS,TPWR IS,TPWR IS,TPWR IS,TPWR IS,TPWR IS,TPWR IS,TPWR IS,TPWR IS,TPWR IS,TPWR IS,TPWR IS,TPWR IS,TPWR IS,TPWR IS,TPWR IS,TPWR IS,TPWR IS,TPWR IS,TPWR IS,TPWR IS,TPWR IS,TPWR IS,TPWR IS,TPWR IS,TPWR IS,TPWR IS,TPWR IS,TPWR IS,TPWR IS,TPWR IS,TPWR IS,TPWR IS,TPWR IS,TPWR IS,TPWR IS,TPWR IS,TPWR IS,TPWR IS,TPWR IS,TPWR IS,TPWR IS,TTMT IS,TTMT IS,TTMT IS,TTMT IS,TTMT IS,TTMT IS,TTMT IS,TTMT IS,TTMT IS,TTMT IS,TTMT IS,TTMT IS,TTMT IS,TTMT IS,TTMT IS,TTMT IS,TTMT IS,TPWR IS,TPWR IS,TPWR IS,TPWR IS,TPWR IS,TPWR IS,TPWR IS,TPWR IS,TPWR IS,TPWR IS,TPWR IS,TPWR IS,TPWR IS,TPWR IS,TPWR IS,TPWR IS,TTCH IS,TTCH IS,TTCH IS,TTCH IS,TTCH IS,TTCH IS,TTCH IS,TTCH IS,TTCH IS,TTCH IS,TTCH IS,TTCH IS,TTCH IS,TTCH IS,TTCH IS,TTCH IS,TTCH IS
WPRO IS,WPRO IS,WPRO IS,WPRO IS,WPRO IS,WPRO IS,WPRO IS,WPRO IS,WPRO IS,WPRO IS,WPRO IS,WPRO IS,WPRO IS,WPRO IS,WPRO IS,WPRO IS,WPRO IS,WPRO IS,WPRO IS,WPRO IS,WPRO IS,VEDL IS,VEDL IS,VEDL IS,VEDL IS,UTCEM IS,UTCEM IS,UTCEM IS,UTCEM IS,UTCEM IS,UTCEM IS,UTCEM IS,UTCEM IS,UTCEM IS,UTCEM IS,UTCEM IS,UTCEM IS,UTCEM IS,WPRO IS,WPRO IS,WPRO IS,WPRO IS,WPRO IS,WPRO IS,WPRO IS,WPRO IS,WPRO IS,WPRO IS,WPRO IS,WPRO IS,WPRO IS,VEDL IS,VEDL IS,VEDL IS,VEDL IS,VEDL IS,VEDL IS,UTCEM IS,UTCEM IS,UTCEM IS,UTCEM IS,UTCEM IS,UTCEM IS,UTCEM IS,UTCEM IS,UTCEM IS,UTCEM IS,UTCEM IS,UTCEM IS,TTMT IS,TTMT IS,TTMT IS,TTMT IS,TTMT IS,UTCEM IS,UTCEM IS,UTCEM IS,UTCEM IS,UTCEM IS,UTCEM IS,UTCEM IS,TTMT IS,TTMT IS,TTMT IS,TTMT IS,TTMT IS,TTMT IS,TTMT IS,TTMT IS,TTMT IS,TTMT IS,TTMT IS,TTMT IS,TTMT IS,TTMT IS,TTMT IS,TTMT IS,TTMT IS,TTMT IS,TTMT IS,TTMT IS,TTMT IS,TTMT IS,TTMT IS,TTMT IS,TTMT IS,TTMT IS,TTMT IS,TTMT IS,TTMT IS,TTMT IS,TTMT IS,TTMT IS,TTMT IS,TTMT IS,TTMT IS,TTMT IS,TTMT IS,TTMT IS,TTMT IS,TTMT IS,TTMT IS,TTMT IS,UT IS,UT IS,UT IS,UT IS,UT IS,UT IS,UT IS,UT IS,UT IS,UT IS,UT IS,UT IS,UT IS,UT IS,UT IS,UT IS,UT IS,TTMT IS,TTMT IS,TTMT IS,TTMT IS,TTMT IS,TTMT IS,TTMT IS,TTMT IS,TTMT IS,TTMT IS,TTMT IS,TTMT IS,TTMT IS,TTMT IS,TTMT IS,TTMT IS,TTMT IS,TTMT IS,TTMT IS,TTMT IS,TTMT IS,TTMT IS,TTMT IS,TTMT IS,TTMT IS,TTMT IS,TTMT IS,TTMT IS,TTMT IS,TTMT IS,TTMT IS,TTMT IS,TTMT IS
YES IS,YES IS,YES IS,YES IS,YES IS,YES IS,YES IS,YES IS,YES IS,YES IS,YES IS,YES IS,YES IS,YES IS,YES IS,YES IS,YES IS,YES IS,YES IS,YES IS,YES IS,WPRO IS,WPRO IS,WPRO IS,WPRO IS,WPRO IS,WPRO IS,WPRO IS,WPRO IS,WPRO IS,WPRO IS,WPRO IS,WPRO IS,WPRO IS,WPRO IS,WPRO IS,WPRO IS,WPRO IS,YES IS,YES IS,YES IS,YES IS,YES IS,YES IS,YES IS,YES IS,YES IS,YES IS,YES IS,YES IS,YES IS,WPRO IS,WPRO IS,WPRO IS,WPRO IS,WPRO IS,WPRO IS,VEDL IS,VEDL IS,VEDL IS,VEDL IS,VEDL IS,VEDL IS,VEDL IS,VEDL IS,VEDL IS,VEDL IS,VEDL IS,VEDL IS,UTCEM IS,UTCEM IS,UTCEM IS,UTCEM IS,UTCEM IS,VEDL IS,VEDL IS,VEDL IS,VEDL IS,VEDL IS,VEDL IS,VEDL IS,VEDL IS,VEDL IS,VEDL IS,VEDL IS,VEDL IS,VEDL IS,VEDL IS,VEDL IS,VEDL IS,VEDL IS,VEDL IS,VEDL IS,VEDL IS,VEDL IS,VEDL IS,VEDL IS,VEDL IS,VEDL IS,VEDL IS,VEDL IS,VEDL IS,VEDL IS,VEDL IS,UT IS,UT IS,UT IS,UT IS,UT IS,UT IS,UT IS,UT IS,UT IS,UT IS,UT IS,UT IS,UT IS,UT IS,UT IS,UT IS,UT IS,UT IS,UT IS,WPRO IS,WPRO IS,WPRO IS,WPRO IS,WPRO IS,WPRO IS,WPRO IS,WPRO IS,WPRO IS,WPRO IS,WPRO IS,WPRO IS,WPRO IS,WPRO IS,WPRO IS,WPRO IS,WPRO IS,WPRO IS,WPRO IS,WPRO IS,WPRO IS,WPRO IS,WPRO IS,WPRO IS,WPRO IS,WPRO IS,WPRO IS,WPRO IS,WPRO IS,WPRO IS,WPRO IS,WPRO IS,WPRO IS,WPRO IS,WPRO IS,WPRO IS,WPRO IS,WPRO IS,WPRO IS,WPRO IS,WPRO IS,WPRO IS,WPRO IS,WPRO IS,WPRO IS,WPRO IS,WPRO IS,WPRO IS,WPRO IS,WPRO IS
Z IS,Z IS,Z IS,Z IS,Z IS,Z IS,Z IS,Z IS,Z IS,Z IS,Z IS,Z IS,Z IS,Z IS,Z IS,Z IS,Z IS,Z IS,Z IS,Z IS,Z IS,YES IS,YES IS,YES IS,YES IS,YES IS,YES IS,YES IS,YES IS,YES IS,YES IS,YES IS,YES IS,YES IS,YES IS,YES IS,YES IS,YES IS,Z IS,Z IS,Z IS,Z IS,Z IS,Z IS,Z IS,Z IS,Z IS,Z IS,Z IS,Z IS,Z IS,Z IS,Z IS,Z IS,Z IS,Z IS,Z IS,WPRO IS,WPRO IS,WPRO IS,WPRO IS,WPRO IS,WPRO IS,WPRO IS,WPRO IS,WPRO IS,WPRO IS,WPRO IS,WPRO IS,VEDL IS,VEDL IS,VEDL IS,VEDL IS,VEDL IS,WPRO IS,WPRO IS,WPRO IS,WPRO IS,WPRO IS,WPRO IS,WPRO IS,WPRO IS,WPRO IS,WPRO IS,WPRO IS,WPRO IS,WPRO IS,WPRO IS,WPRO IS,WPRO IS,WPRO IS,WPRO IS,WPRO IS,WPRO IS,WPRO IS,WPRO IS,WPRO IS,WPRO IS,WPRO IS,WPRO IS,WPRO IS,WPRO IS,WPRO IS,WPRO IS,WPRO IS,WPRO IS,WPRO IS,WPRO IS,WPRO IS,WPRO IS,WPRO IS,WPRO IS,WPRO IS,WPRO IS,WPRO IS,WPRO IS,WPRO IS,WPRO IS,WPRO IS,WPRO IS,WPRO IS,WPRO IS,WPRO IS,Z IS,Z IS,Z IS,Z IS,Z IS,Z IS,Z IS,Z IS,Z IS,Z IS,Z IS,Z IS,Z IS,Z IS,Z IS,Z IS,Z IS,Z IS,Z IS,Z IS,Z IS,Z IS,Z IS,Z IS,Z IS,Z IS,Z IS,Z IS,Z IS,Z IS,Z IS,Z IS,Z IS,Z IS,Z IS,Z IS,Z IS,Z IS,Z IS,Z IS,Z IS,Z IS,Z IS,Z IS,Z IS,Z IS,Z IS,Z IS,Z IS,Z IS
,,,,,,,,,,,,,,,,,,,,,Z IS,Z IS,Z IS,Z IS,Z IS,Z IS,Z IS,Z IS,Z IS,Z IS,Z IS,Z IS,Z IS,Z IS,Z IS,Z IS,Z IS,,,,,,,,,,,,,,,,,,,,,,,,,,,,,,,,,,,,,,,,,,,,,,,,,,,,,,,,,,,,,,,,,,,,,,,,,,,,,,,,,,,,,,,,,,,,,,,,,,,,,,,,,,,,,,,,,,,,,,,,,,,,,,,,,,,,,,,
